Species,Height.at.maturity...m.,Year.first.cultivated,Minimum.seed.bearing.age..yr.,Years.between.large.seedcrops,pdf.table.number,pdf_page_number,genus.name,Height.at.maturity..m.,Years.between.large.seed.crops,Cone.ripeness.Pre.ripe.color,criteria.Ripe.color,Years.between.large.crops,Fruit.ripeness.Preripe.color,Minimum.seed.bearing.age...yr.s.,Fruit.Preripe.color,ripeness.criteria.Ripe.color,Height..m.at.maturity,Minimum.seed.bearing.age...yr.s..1,Fruit.Preripe,color.Ripe,X..m.,cultivated,age...yr.s.,crops,Ripe.fruit.color,Diameter,Length,Mature.tree.height..m.,Age.at.onset.seed.bearing..yr.,Years.between.cone.crops,Mature.height..m.,Cone.length..cm.,Color.of.ripe.cones,Age.at.onset.seed.bearing,Years.large.Time,between.seedcrops.Location,Years.between.seedcrops
acuminata,10.7-15.4 (18.5),1898,10-May,I,2,858,Populus,NA,NA,NA,NA,NA,NA,NA,NA,NA,NA,NA,NA,NA,NA,NA,NA,NA,NA,NA,NA,NA,NA,NA,NA,NA,NA,NA,NA,NA,NA
alba,15.4-42.1,LC,15-Oct,NA,2,858,Populus,NA,NA,NA,NA,NA,NA,NA,NA,NA,NA,NA,NA,NA,NA,NA,NA,NA,NA,NA,NA,NA,NA,NA,NA,NA,NA,NA,NA,NA,NA
angustifolia,10.7-15.4 (18.5),1893,NA,I,2,858,Populus,NA,NA,NA,NA,NA,NA,NA,NA,NA,NA,NA,NA,NA,NA,NA,NA,NA,NA,NA,NA,NA,NA,NA,NA,NA,NA,NA,NA,NA,NA
balsamifera,18.5-36.3,Before 1689,10-Aug,NA,2,858,Populus,NA,NA,NA,NA,NA,NA,NA,NA,NA,NA,NA,NA,NA,NA,NA,NA,NA,NA,NA,NA,NA,NA,NA,NA,NA,NA,NA,NA,NA,NA
balsamifera spp. trichocarpa,15.4-61.5,1892,10,NA,2,858,Populus,NA,NA,NA,NA,NA,NA,NA,NA,NA,NA,NA,NA,NA,NA,NA,NA,NA,NA,NA,NA,NA,NA,NA,NA,NA,NA,NA,NA,NA,NA
X canescens,29.2-30.8 (40),LC,15-Aug,NA,2,858,Populus,NA,NA,NA,NA,NA,NA,NA,NA,NA,NA,NA,NA,NA,NA,NA,NA,NA,NA,NA,NA,NA,NA,NA,NA,NA,NA,NA,NA,NA,NA
deltoides,24.6-58.5,Before 1750,10,NA,2,858,Populus,NA,NA,NA,NA,NA,NA,NA,NA,NA,NA,NA,NA,NA,NA,NA,NA,NA,NA,NA,NA,NA,NA,NA,NA,NA,NA,NA,NA,NA,NA
spp. monilifera,12.3-30.8,1908,10,NA,2,858,Populus,NA,NA,NA,NA,NA,NA,NA,NA,NA,NA,NA,NA,NA,NA,NA,NA,NA,NA,NA,NA,NA,NA,NA,NA,NA,NA,NA,NA,NA,NA
spp. wislizeni,2.3-30.8 (40),1894,5,NA,2,858,Populus,NA,NA,NA,NA,NA,NA,NA,NA,NA,NA,NA,NA,NA,NA,NA,NA,NA,NA,NA,NA,NA,NA,NA,NA,NA,NA,NA,NA,NA,NA
fremontii,15.4-30.8,1904,10-May,NA,2,858,Populus,NA,NA,NA,NA,NA,NA,NA,NA,NA,NA,NA,NA,NA,NA,NA,NA,NA,NA,NA,NA,NA,NA,NA,NA,NA,NA,NA,NA,NA,NA
grandidentata,9.2-27.7 (30.8),1772,20-Oct,05-Apr,2,858,Populus,NA,NA,NA,NA,NA,NA,NA,NA,NA,NA,NA,NA,NA,NA,NA,NA,NA,NA,NA,NA,NA,NA,NA,NA,NA,NA,NA,NA,NA,NA
heterophylla,24.6-27.3 (30.8),1656,10,NA,2,858,Populus,NA,NA,NA,NA,NA,NA,NA,NA,NA,NA,NA,NA,NA,NA,NA,NA,NA,NA,NA,NA,NA,NA,NA,NA,NA,NA,NA,NA,NA,NA
laurifolia,to 15.4,1830,10-Aug,NA,2,858,Populus,NA,NA,NA,NA,NA,NA,NA,NA,NA,NA,NA,NA,NA,NA,NA,NA,NA,NA,NA,NA,NA,NA,NA,NA,NA,NA,NA,NA,NA,NA
maximowiczii,to 30.2,Before 1890,10,I,2,858,Populus,NA,NA,NA,NA,NA,NA,NA,NA,NA,NA,NA,NA,NA,NA,NA,NA,NA,NA,NA,NA,NA,NA,NA,NA,NA,NA,NA,NA,NA,NA
nigra,18.5-30.8,LC,12-Aug,1,2,858,Populus,NA,NA,NA,NA,NA,NA,NA,NA,NA,NA,NA,NA,NA,NA,NA,NA,NA,NA,NA,NA,NA,NA,NA,NA,NA,NA,NA,NA,NA,NA
simonii,to 12.3+,1862,10,NA,2,858,Populus,NA,NA,NA,NA,NA,NA,NA,NA,NA,NA,NA,NA,NA,NA,NA,NA,NA,NA,NA,NA,NA,NA,NA,NA,NA,NA,NA,NA,NA,NA
tremula,21.5-38.5,LC,10-Aug,4.5,2,858,Populus,NA,NA,NA,NA,NA,NA,NA,NA,NA,NA,NA,NA,NA,NA,NA,NA,NA,NA,NA,NA,NA,NA,NA,NA,NA,NA,NA,NA,NA,NA
tremuloides,15.4-27.7 (30.8),1812,20-Oct,05-Apr,2,858,Populus,NA,NA,NA,NA,NA,NA,NA,NA,NA,NA,NA,NA,NA,NA,NA,NA,NA,NA,NA,NA,NA,NA,NA,NA,NA,NA,NA,NA,NA,NA
canadensis,NA,1736,20-30,NA,3,895,Tsuga,18-30,2-3 15,Yellow-green Green,Purple-brown Tan to brown,NA,NA,NA,NA,NA,NA,NA,NA,NA,NA,NA,NA,NA,NA,NA,NA,NA,NA,NA,NA,NA,NA,NA,NA,NA,NA
caroliniana,NA,1881,NA,NA,3,895,Tsuga,21-Dec,NA,Purple,Light brown,NA,NA,NA,NA,NA,NA,NA,NA,NA,NA,NA,NA,NA,NA,NA,NA,NA,NA,NA,NA,NA,NA,NA,NA,NA,NA
heterophylla,NA,1851,20-30,NA,3,895,Tsuga,18-75,08-May,Green with purple tips,Brown with red-brown tips,NA,NA,NA,NA,NA,NA,NA,NA,NA,NA,NA,NA,NA,NA,NA,NA,NA,NA,NA,NA,NA,NA,NA,NA,NA,NA
mertensiana,NA,1854,20-30,NA,3,895,Tsuga,7.5-45,I-5,Yellow-green to brown,Brown,NA,NA,NA,NA,NA,NA,NA,NA,NA,NA,NA,NA,NA,NA,NA,NA,NA,NA,NA,NA,NA,NA,NA,NA,NA,NA
alba,NA,1700s,5,NA,3,731,Morus,14-Mar,NA,NA,"White, pinkish, or purplish",NA,White,NA,NA,NA,NA,NA,NA,NA,NA,NA,NA,NA,NA,NA,NA,NA,NA,NA,NA,NA,NA,NA,NA,NA,NA
microphylla,NA,NA,NA,NA,3,731,Morus,7.5,NA,NA,"Red, purple, or black",NA,Dark green,NA,NA,NA,NA,NA,NA,NA,NA,NA,NA,NA,NA,NA,NA,NA,NA,NA,NA,NA,NA,NA,NA,NA,NA
nigra,NA,1548,NA,NA,3,731,Morus,10,NA,NA,Purple to black,Yearly,Greenish red,NA,NA,NA,NA,NA,NA,NA,NA,NA,NA,NA,NA,NA,NA,NA,NA,NA,NA,NA,NA,NA,NA,NA,NA
rubra,NA,1629,10,NA,3,731,Morus,12,NA,NA,"Dark red, dark purple to black",03-Feb,NA,NA,NA,NA,NA,NA,NA,NA,NA,NA,NA,NA,NA,NA,NA,NA,NA,NA,NA,NA,NA,NA,NA,NA,NA
acutissima,NA,1862,NA,NA,2,933,Quercus,15,NA,NA,NA,NA,NA,5,NA,NA,NA,NA,NA,NA,NA,NA,NA,NA,NA,NA,NA,NA,NA,NA,NA,NA,NA,NA,NA,NA,NA
agrifolia,NA,1849,NA,NA,2,933,Quercus,23,NA,NA,NA,NA,NA,15,NA,NA,NA,NA,NA,NA,NA,NA,NA,NA,NA,NA,NA,NA,NA,NA,NA,NA,NA,NA,NA,NA,NA
alba,NA,1724,NA,10-Apr,2,933,Quercus,30,NA,NA,NA,NA,NA,20,NA,NA,NA,NA,NA,NA,NA,NA,NA,NA,NA,NA,NA,NA,NA,NA,NA,NA,NA,NA,NA,NA,NA
arizonica,NA,NA,NA,NA,2,933,Quercus,12,NA,NA,NA,NA,NA,NA,NA,NA,NA,NA,NA,NA,NA,NA,NA,NA,NA,NA,NA,NA,NA,NA,NA,NA,NA,NA,NA,NA,NA
bicolor,NA,1800,NA,05-Mar,2,933,Quercus,30,NA,NA,NA,NA,NA,20,NA,NA,NA,NA,NA,NA,NA,NA,NA,NA,NA,NA,NA,NA,NA,NA,NA,NA,NA,NA,NA,NA,NA
cerris,NA,1735,NA,NA,2,933,Quercus,30,NA,NA,NA,NA,NA,NA,NA,NA,NA,NA,NA,NA,NA,NA,NA,NA,NA,NA,NA,NA,NA,NA,NA,NA,NA,NA,NA,NA,NA
chrysolepis,NA,1877,NA,04-Feb,2,933,Quercus,30,NA,NA,NA,NA,NA,20,NA,NA,NA,NA,NA,NA,NA,NA,NA,NA,NA,NA,NA,NA,NA,NA,NA,NA,NA,NA,NA,NA,NA
coccinea,NA,1691,NA,05-Mar,2,933,Quercus,30,NA,NA,NA,NA,NA,20,NA,NA,NA,NA,NA,NA,NA,NA,NA,NA,NA,NA,NA,NA,NA,NA,NA,NA,NA,NA,NA,NA,NA
douglasii,NA,NA,NA,03-Feb,2,933,Quercus,18,NA,NA,NA,NA,NA,NA,NA,NA,NA,NA,NA,NA,NA,NA,NA,NA,NA,NA,NA,NA,NA,NA,NA,NA,NA,NA,NA,NA,NA
dumosa,NA,NA,NA,NA,2,933,Quercus,6,NA,NA,NA,NA,NA,NA,NA,NA,NA,NA,NA,NA,NA,NA,NA,NA,NA,NA,NA,NA,NA,NA,NA,NA,NA,NA,NA,NA,NA
ellipsoidalis,NA,1902,NA,04-Feb,2,933,Quercus,21,NA,NA,NA,NA,NA,NA,NA,NA,NA,NA,NA,NA,NA,NA,NA,NA,NA,NA,NA,NA,NA,NA,NA,NA,NA,NA,NA,NA,NA
emoryi,NA,NA,NA,NA,2,933,Quercus,18,NA,NA,NA,NA,NA,NA,NA,NA,NA,NA,NA,NA,NA,NA,NA,NA,NA,NA,NA,NA,NA,NA,NA,NA,NA,NA,NA,NA,NA
falcata,NA,1763,NA,I-2,2,933,Quercus,27,NA,NA,NA,NA,NA,25,NA,NA,NA,NA,NA,NA,NA,NA,NA,NA,NA,NA,NA,NA,NA,NA,NA,NA,NA,NA,NA,NA,NA
gambelii,NA,NA,NA,NA,2,933,Quercus,15,NA,NA,NA,NA,NA,NA,NA,NA,NA,NA,NA,NA,NA,NA,NA,NA,NA,NA,NA,NA,NA,NA,NA,NA,NA,NA,NA,NA,NA
garryana,NA,1873,NA,03-Feb,2,933,Quercus,21,NA,NA,NA,NA,NA,NA,NA,NA,NA,NA,NA,NA,NA,NA,NA,NA,NA,NA,NA,NA,NA,NA,NA,NA,NA,NA,NA,NA,NA
grisea,NA,NA,NA,NA,2,933,Quercus,20,NA,NA,NA,NA,NA,NA,NA,NA,NA,NA,NA,NA,NA,NA,NA,NA,NA,NA,NA,NA,NA,NA,NA,NA,NA,NA,NA,NA,NA
ilicifolia,NA,1800,NA,NA,2,933,Quercus,6,NA,NA,NA,NA,NA,NA,NA,NA,NA,NA,NA,NA,NA,NA,NA,NA,NA,NA,NA,NA,NA,NA,NA,NA,NA,NA,NA,NA,NA
imbricaria,NA,1724,NA,04-Feb,2,933,Quercus,21,NA,NA,NA,NA,NA,25,NA,NA,NA,NA,NA,NA,NA,NA,NA,NA,NA,NA,NA,NA,NA,NA,NA,NA,NA,NA,NA,NA,NA
incana,NA,NA,NA,NA,2,933,Quercus,12,NA,NA,NA,NA,NA,NA,NA,NA,NA,NA,NA,NA,NA,NA,NA,NA,NA,NA,NA,NA,NA,NA,NA,NA,NA,NA,NA,NA,NA
kelloggii,NA,1878,NA,03-Feb,2,933,Quercus,26,NA,NA,NA,NA,NA,30,NA,NA,NA,NA,NA,NA,NA,NA,NA,NA,NA,NA,NA,NA,NA,NA,NA,NA,NA,NA,NA,NA,NA
laevis,NA,1834,NA,02-Jan,2,933,Quercus,9,NA,NA,NA,NA,NA,NA,NA,NA,NA,NA,NA,NA,NA,NA,NA,NA,NA,NA,NA,NA,NA,NA,NA,NA,NA,NA,NA,NA,NA
laurifolia,NA,1786,NA,I,2,933,Quercus,27,NA,NA,NA,NA,NA,15,NA,NA,NA,NA,NA,NA,NA,NA,NA,NA,NA,NA,NA,NA,NA,NA,NA,NA,NA,NA,NA,NA,NA
lobata,NA,1874,NA,03-Feb,2,933,Quercus,30,NA,NA,NA,NA,NA,NA,NA,NA,NA,NA,NA,NA,NA,NA,NA,NA,NA,NA,NA,NA,NA,NA,NA,NA,NA,NA,NA,NA,NA
lyrata,NA,1786,NA,04-Mar,2,933,Quercus,24,NA,NA,NA,NA,NA,25,NA,NA,NA,NA,NA,NA,NA,NA,NA,NA,NA,NA,NA,NA,NA,NA,NA,NA,NA,NA,NA,NA,NA
macrocarpa,NA,1811,NA,03-Feb,2,933,Quercus,30,NA,NA,NA,NA,NA,35,NA,NA,NA,NA,NA,NA,NA,NA,NA,NA,NA,NA,NA,NA,NA,NA,NA,NA,NA,NA,NA,NA,NA
marilandica,NA,NA,NA,NA,2,933,Quercus,15,NA,NA,NA,NA,NA,NA,NA,NA,NA,NA,NA,NA,NA,NA,NA,NA,NA,NA,NA,NA,NA,NA,NA,NA,NA,NA,NA,NA,NA
michauxii,NA,1737,NA,05-Mar,2,933,Quercus,30,NA,NA,NA,NA,NA,20,NA,NA,NA,NA,NA,NA,NA,NA,NA,NA,NA,NA,NA,NA,NA,NA,NA,NA,NA,NA,NA,NA,NA
muehlenbergii,NA,1822,NA,NA,2,933,Quercus,24,NA,NA,NA,NA,NA,NA,NA,NA,NA,NA,NA,NA,NA,NA,NA,NA,NA,NA,NA,NA,NA,NA,NA,NA,NA,NA,NA,NA,NA
nigra,NA,1723,NA,02-Jan,2,933,Quercus,24,NA,NA,NA,NA,NA,20,NA,NA,NA,NA,NA,NA,NA,NA,NA,NA,NA,NA,NA,NA,NA,NA,NA,NA,NA,NA,NA,NA,NA
pagoda,NA,1904,NA,02-Jan,2,933,Quercus,34,NA,NA,NA,NA,NA,25,NA,NA,NA,NA,NA,NA,NA,NA,NA,NA,NA,NA,NA,NA,NA,NA,NA,NA,NA,NA,NA,NA,NA
palustris,NA,1770,NA,02-Jan,2,933,Quercus,24,NA,NA,NA,NA,NA,20,NA,NA,NA,NA,NA,NA,NA,NA,NA,NA,NA,NA,NA,NA,NA,NA,NA,NA,NA,NA,NA,NA,NA
petraea,NA,Long,NA,07-May,2,933,Quercus,30,NA,NA,NA,NA,NA,40,NA,NA,NA,NA,NA,NA,NA,NA,NA,NA,NA,NA,NA,NA,NA,NA,NA,NA,NA,NA,NA,NA,NA
phellos,NA,1723,NA,I,2,933,Quercus,30,NA,NA,NA,NA,NA,20,NA,NA,NA,NA,NA,NA,NA,NA,NA,NA,NA,NA,NA,NA,NA,NA,NA,NA,NA,NA,NA,NA,NA
prinus,NA,1688,NA,03-Feb,2,933,Quercus,24,NA,NA,NA,NA,NA,20,NA,NA,NA,NA,NA,NA,NA,NA,NA,NA,NA,NA,NA,NA,NA,NA,NA,NA,NA,NA,NA,NA,NA
robur,NA,Long,NA,04-Feb,2,933,Quercus,34,NA,NA,NA,NA,NA,20,NA,NA,NA,NA,NA,NA,NA,NA,NA,NA,NA,NA,NA,NA,NA,NA,NA,NA,NA,NA,NA,NA,NA
rubra,NA,1724,NA,05-Mar,2,933,Quercus,30,NA,NA,NA,NA,NA,25,NA,NA,NA,NA,NA,NA,NA,NA,NA,NA,NA,NA,NA,NA,NA,NA,NA,NA,NA,NA,NA,NA,NA
shumardii,NA,1907,NA,03-Feb,2,933,Quercus,34,NA,NA,NA,NA,NA,25,NA,NA,NA,NA,NA,NA,NA,NA,NA,NA,NA,NA,NA,NA,NA,NA,NA,NA,NA,NA,NA,NA,NA
sinuata,NA,NA,NA,NA,2,933,Quercus,23,NA,NA,NA,NA,NA,NA,NA,NA,NA,NA,NA,NA,NA,NA,NA,NA,NA,NA,NA,NA,NA,NA,NA,NA,NA,NA,NA,NA,NA
stellata,NA,1819,NA,03-Feb,2,933,Quercus,18,NA,NA,NA,NA,NA,25,NA,NA,NA,NA,NA,NA,NA,NA,NA,NA,NA,NA,NA,NA,NA,NA,NA,NA,NA,NA,NA,NA,NA
suber,NA,1699,NA,04-Feb,2,933,Quercus,24,NA,NA,NA,NA,NA,12,NA,NA,NA,NA,NA,NA,NA,NA,NA,NA,NA,NA,NA,NA,NA,NA,NA,NA,NA,NA,NA,NA,NA
texana,NA,1923,NA,04-Mar,2,933,Quercus,30,NA,NA,NA,NA,NA,5,NA,NA,NA,NA,NA,NA,NA,NA,NA,NA,NA,NA,NA,NA,NA,NA,NA,NA,NA,NA,NA,NA,NA
turbinella,NA,NA,NA,05-Mar,2,933,Quercus,3,NA,NA,NA,NA,NA,NA,NA,NA,NA,NA,NA,NA,NA,NA,NA,NA,NA,NA,NA,NA,NA,NA,NA,NA,NA,NA,NA,NA,NA
vaccinifolia,NA,1895,NA,NA,2,933,Quercus,I,NA,NA,NA,NA,NA,NA,NA,NA,NA,NA,NA,NA,NA,NA,NA,NA,NA,NA,NA,NA,NA,NA,NA,NA,NA,NA,NA,NA,NA
variabilis,NA,1861,NA,2,2,933,Quercus,24,NA,NA,NA,NA,NA,NA,NA,NA,NA,NA,NA,NA,NA,NA,NA,NA,NA,NA,NA,NA,NA,NA,NA,NA,NA,NA,NA,NA,NA
velutina,NA,1905,NA,03-Feb,2,933,Quercus,27,NA,NA,NA,NA,NA,20,NA,NA,NA,NA,NA,NA,NA,NA,NA,NA,NA,NA,NA,NA,NA,NA,NA,NA,NA,NA,NA,NA,NA
virginiana,NA,1739,NA,I,2,933,Quercus,18,NA,NA,NA,NA,NA,NA,NA,NA,NA,NA,NA,NA,NA,NA,NA,NA,NA,NA,NA,NA,NA,NA,NA,NA,NA,NA,NA,NA,NA
wislizenii,NA,1874,NA,07-May,2,933,Quercus,18,NA,NA,NA,NA,NA,NA,NA,NA,NA,NA,NA,NA,NA,NA,NA,NA,NA,NA,NA,NA,NA,NA,NA,NA,NA,NA,NA,NA,NA
allenghaniensis,NA,1800,40,2,3,307,Betula,30,NA,NA,NA,NA,NA,NA,NA,NA,NA,NA,NA,NA,NA,NA,NA,NA,NA,NA,NA,NA,NA,NA,NA,NA,NA,NA,NA,NA,NA
davurica,NA,1883,NA,2,3,307,Betula,19.5,NA,NA,NA,NA,NA,NA,NA,NA,NA,NA,NA,NA,NA,NA,NA,NA,NA,NA,NA,NA,NA,NA,NA,NA,NA,NA,NA,NA,NA
lenta,NA,1759,40,I-2,3,307,Betula,24,NA,NA,NA,NA,NA,NA,NA,NA,NA,NA,NA,NA,NA,NA,NA,NA,NA,NA,NA,NA,NA,NA,NA,NA,NA,NA,NA,NA,NA
nana,NA,1880,NA,NA,3,307,Betula,1.8,NA,NA,NA,NA,NA,NA,NA,NA,NA,NA,NA,NA,NA,NA,NA,NA,NA,NA,NA,NA,NA,NA,NA,NA,NA,NA,NA,NA,NA
nigra,NA,1736,NA,NA,3,307,Betula,30,NA,NA,NA,NA,NA,NA,NA,NA,NA,NA,NA,NA,NA,NA,NA,NA,NA,NA,NA,NA,NA,NA,NA,NA,NA,NA,NA,NA,NA
papyrifera,NA,1750,15,2,3,307,Betula,21,NA,NA,NA,NA,NA,NA,NA,NA,NA,NA,NA,NA,NA,NA,NA,NA,NA,NA,NA,NA,NA,NA,NA,NA,NA,NA,NA,NA,NA
pendula,NA,Long,15,03-Feb,3,307,Betula,19.5,NA,NA,NA,NA,NA,NA,NA,NA,NA,NA,NA,NA,NA,NA,NA,NA,NA,NA,NA,NA,NA,NA,NA,NA,NA,NA,NA,NA,NA
populifolia,NA,1750,8,I,3,307,Betula,12,NA,NA,NA,NA,NA,NA,NA,NA,NA,NA,NA,NA,NA,NA,NA,NA,NA,NA,NA,NA,NA,NA,NA,NA,NA,NA,NA,NA,NA
pubescens,NA,1789,15,03-Feb,3,307,Betula,19.5,NA,NA,NA,NA,NA,NA,NA,NA,NA,NA,NA,NA,NA,NA,NA,NA,NA,NA,NA,NA,NA,NA,NA,NA,NA,NA,NA,NA,NA
pumila,NA,1762,NA,I-2,3,307,Betula,3,NA,NA,NA,NA,NA,NA,NA,NA,NA,NA,NA,NA,NA,NA,NA,NA,NA,NA,NA,NA,NA,NA,NA,NA,NA,NA,NA,NA,NA
angustifolia,NA,Long cultivated,>3,3,3,486,Elaeagnus,Sep-46,NA,NA,NA,NA,NA,NA,Whitish to silvery I,Silver-gray outer; emon-yellow inside,NA,NA,NA,NA,NA,NA,NA,NA,NA,NA,NA,NA,NA,NA,NA,NA,NA,NA,NA,NA,NA
commutata,NA,1813,NA,02-Jan,3,486,Elaeagnus,1.8-4.6,NA,NA,NA,NA,NA,NA,Silvery green,Silver,NA,NA,NA,NA,NA,NA,NA,NA,NA,NA,NA,NA,NA,NA,NA,NA,NA,NA,NA,NA,NA
umbellata,NA,1830,6,NA,3,486,Elaeagnus,0.9-3.7,NA,NA,NA,NA,NA,NA,"Silvery, with",Red-pink brown scales,NA,NA,NA,NA,NA,NA,NA,NA,NA,NA,NA,NA,NA,NA,NA,NA,NA,NA,NA,NA,NA
americana,NA,1724,20,05-Mar,3,539,Fraxinus,21-24,NA,NA,NA,NA,NA,NA,NA,NA,NA,NA,NA,NA,NA,NA,NA,NA,NA,NA,NA,NA,NA,NA,NA,NA,NA,NA,NA,NA,NA
caroliniana,NA,NA,NA,NA,3,539,Fraxinus,12-Jun,NA,NA,NA,NA,NA,NA,NA,NA,NA,NA,NA,NA,NA,NA,NA,NA,NA,NA,NA,NA,NA,NA,NA,NA,NA,NA,NA,NA,NA
dipetala,NA,NA,NA,NA,3,539,Fraxinus,06-Feb,NA,NA,NA,NA,NA,NA,NA,NA,NA,NA,NA,NA,NA,NA,NA,NA,NA,NA,NA,NA,NA,NA,NA,NA,NA,NA,NA,NA,NA
excelsior,NA,Long ago,15,02-Jan,3,539,Fraxinus,29-38,NA,NA,NA,NA,NA,NA,NA,NA,NA,NA,NA,NA,NA,NA,NA,NA,NA,NA,NA,NA,NA,NA,NA,NA,NA,NA,NA,NA,NA
latifolia,NA,NA,30,05-Mar,3,539,Fraxinus,18-24,NA,NA,NA,NA,NA,NA,NA,NA,NA,NA,NA,NA,NA,NA,NA,NA,NA,NA,NA,NA,NA,NA,NA,NA,NA,NA,NA,NA,NA
nigra,NA,1800,NA,NA,3,539,Fraxinus,24-Dec,NA,NA,NA,NA,NA,NA,NA,NA,NA,NA,NA,NA,NA,NA,NA,NA,NA,NA,NA,NA,NA,NA,NA,NA,NA,NA,NA,NA,NA
ornus,NA,pre-1700,20,NA,3,539,Fraxinus,20-Jun,NA,NA,NA,NA,NA,NA,NA,NA,NA,NA,NA,NA,NA,NA,NA,NA,NA,NA,NA,NA,NA,NA,NA,NA,NA,NA,NA,NA,NA
pennsylvanica,NA,1824,NA,NA,3,539,Fraxinus,21+,NA,NA,NA,NA,NA,NA,NA,NA,NA,NA,NA,NA,NA,NA,NA,NA,NA,NA,NA,NA,NA,NA,NA,NA,NA,NA,NA,NA,NA
profunda,NA,NA,9,NA,3,539,Fraxinus,37,NA,NA,NA,NA,NA,NA,NA,NA,NA,NA,NA,NA,NA,NA,NA,NA,NA,NA,NA,NA,NA,NA,NA,NA,NA,NA,NA,NA,NA
quadrangulata,NA,1823,25,04-Mar,3,539,Fraxinus,09-Apr,NA,NA,NA,NA,NA,NA,NA,NA,NA,NA,NA,NA,NA,NA,NA,NA,NA,NA,NA,NA,NA,NA,NA,NA,NA,NA,NA,NA,NA
uhdei,NA,1900,15,NA,3,539,Fraxinus,37,NA,NA,NA,NA,NA,NA,NA,NA,NA,NA,NA,NA,NA,NA,NA,NA,NA,NA,NA,NA,NA,NA,NA,NA,NA,NA,NA,NA,NA
velutina,NA,1900,NA,NA,3,539,Fraxinus,15,NA,NA,NA,NA,NA,NA,NA,NA,NA,NA,NA,NA,NA,NA,NA,NA,NA,NA,NA,NA,NA,NA,NA,NA,NA,NA,NA,NA,NA
circinatum,NA,1826,NA,I-2,2,205,Acer,NA,NA,NA,NA,NA,NA,NA,NA,NA,9,NA,NA,NA,NA,NA,NA,NA,NA,NA,NA,NA,NA,NA,NA,NA,NA,NA,NA,NA,NA
ginnala,NA,1860,NA,I,2,205,Acer,NA,NA,NA,NA,NA,NA,NA,NA,NA,6,5,NA,NA,NA,NA,NA,NA,NA,NA,NA,NA,NA,NA,NA,NA,NA,NA,NA,NA,NA
glabrum var. glabrum,NA,1882,NA,I-3,2,205,Acer,NA,NA,NA,NA,NA,NA,NA,NA,NA,9,NA,NA,NA,NA,NA,NA,NA,NA,NA,NA,NA,NA,NA,NA,NA,NA,NA,NA,NA,NA
griseum,NA,1901,NA,NA,2,205,Acer,NA,NA,NA,NA,NA,NA,NA,NA,NA,8,NA,NA,NA,NA,NA,NA,NA,NA,NA,NA,NA,NA,NA,NA,NA,NA,NA,NA,NA,NA
macrophyllum,NA,1812,NA,I,2,205,Acer,NA,NA,NA,NA,NA,NA,NA,NA,NA,35,10,NA,NA,NA,NA,NA,NA,NA,NA,NA,NA,NA,NA,NA,NA,NA,NA,NA,NA,NA
negundo,NA,1688,NA,I,2,205,Acer,NA,NA,NA,NA,NA,NA,NA,NA,NA,23,NA,NA,NA,NA,NA,NA,NA,NA,NA,NA,NA,NA,NA,NA,NA,NA,NA,NA,NA,NA
palmatum,NA,1820,NA,NA,2,205,Acer,NA,NA,NA,NA,NA,NA,NA,NA,NA,6,NA,NA,NA,NA,NA,NA,NA,NA,NA,NA,NA,NA,NA,NA,NA,NA,NA,NA,NA,NA
pensylvanicum,NA,1755,NA,NA,2,205,Acer,NA,NA,NA,NA,NA,NA,NA,NA,NA,II,NA,NA,NA,NA,NA,NA,NA,NA,NA,NA,NA,NA,NA,NA,NA,NA,NA,NA,NA,NA
platanoides,NA,Long ago,NA,I,2,205,Acer,NA,NA,NA,NA,NA,NA,NA,NA,NA,31,NA,NA,NA,NA,NA,NA,NA,NA,NA,NA,NA,NA,NA,NA,NA,NA,NA,NA,NA,NA
pseudoplatanus,NA,Long ago,NA,I,2,205,Acer,NA,NA,NA,NA,NA,NA,NA,NA,NA,31,NA,NA,NA,NA,NA,NA,NA,NA,NA,NA,NA,NA,NA,NA,NA,NA,NA,NA,NA,NA
rubrum,NA,1656,NA,I,2,205,Acer,NA,NA,NA,NA,NA,NA,NA,NA,NA,28,4,NA,NA,NA,NA,NA,NA,NA,NA,NA,NA,NA,NA,NA,NA,NA,NA,NA,NA,NA
saccharinum,NA,1725,NA,NA,2,205,Acer,NA,NA,NA,NA,NA,NA,NA,NA,NA,28,II,NA,NA,NA,NA,NA,NA,NA,NA,NA,NA,NA,NA,NA,NA,NA,NA,NA,NA,NA
saccharum,NA,Long ago,NA,07-Mar,2,205,Acer,NA,NA,NA,NA,NA,NA,NA,NA,NA,31,22,NA,NA,NA,NA,NA,NA,NA,NA,NA,NA,NA,NA,NA,NA,NA,NA,NA,NA,NA
spicatum,NA,1750,NA,NA,2,205,Acer,NA,NA,NA,NA,NA,NA,NA,NA,NA,9,NA,NA,NA,NA,NA,NA,NA,NA,NA,NA,NA,NA,NA,NA,NA,NA,NA,NA,NA,NA
laevigata,NA,1811,NA,NA,3,368,Celtis,18-24,NA,NA,NA,NA,NA,NA,NA,NA,NA,15,Green,Dark orange to red,NA,NA,NA,NA,NA,NA,NA,NA,NA,NA,NA,NA,NA,NA,NA,NA,NA
laevigata var. reticulata,NA,1890,NA,NA,3,368,Celtis,14-Sep,NA,NA,NA,NA,NA,NA,NA,NA,NA,NA,NA,Orange-red or yellow,NA,NA,NA,NA,NA,NA,NA,NA,NA,NA,NA,NA,NA,NA,NA,NA,NA
occidentalis,NA,1656,NA,NA,3,368,Celtis,9-40,NA,NA,NA,NA,NA,NA,NA,NA,NA,NA,Orange-red,Dark reddish purple,NA,NA,NA,NA,NA,NA,NA,NA,NA,NA,NA,NA,NA,NA,NA,NA,NA
alleghaniensis,NA,NA,NA,NA,3,881,Prunus,NA,NA,NA,NA,NA,NA,NA,NA,NA,NA,NA,NA,NA,4.9,1889,4,I,Dark purple,10,NA,NA,NA,NA,NA,NA,NA,NA,NA,NA,NA
americana,NA,NA,NA,NA,3,881,Prunus,NA,NA,NA,NA,NA,NA,NA,NA,NA,NA,NA,NA,NA,09-Mar,1768,4,I-2,Red or yellowish,20-30,NA,NA,NA,NA,NA,NA,NA,NA,NA,NA,NA
angustifolia,NA,NA,NA,NA,3,881,Prunus,NA,NA,NA,NA,NA,NA,NA,NA,NA,NA,NA,NA,NA,4.3-7.6,~ 1874,2,NA,Red or yellow,20-Oct,NA,NA,NA,NA,NA,NA,NA,NA,NA,NA,NA
armeniaca,NA,NA,NA,NA,3,881,Prunus,NA,NA,NA,NA,NA,NA,NA,NA,NA,NA,NA,NA,NA,10.4,Early,5,2,Yellowish with red,30+,NA,NA,NA,NA,NA,NA,NA,NA,NA,NA,NA
avium,NA,NA,NA,NA,3,881,Prunus,NA,NA,NA,NA,NA,NA,NA,NA,NA,NA,NA,NA,NA,9-30.5,Early,6-7,I,Yellow to red or purplish black,20-25,NA,NA,NA,NA,NA,NA,NA,NA,NA,NA,NA
caroliniana,NA,NA,NA,NA,3,881,Prunus,NA,NA,NA,NA,NA,NA,NA,NA,NA,NA,NA,NA,NA,5.5-12,NA,NA,NA,Black,13-Oct,13-Oct,NA,NA,NA,NA,NA,NA,NA,NA,NA,NA
cerasifera,NA,NA,NA,NA,3,881,Prunus,NA,NA,NA,NA,NA,NA,NA,NA,NA,NA,NA,NA,NA,8.2,Early,3,03-Feb,Red,16-25,NA,NA,NA,NA,NA,NA,NA,NA,NA,NA,NA
cerasus,NA,NA,NA,NA,3,881,Prunus,NA,NA,NA,NA,NA,NA,NA,NA,NA,NA,NA,NA,NA,15-Sep,Early,6-7,I,Light to dark red,25-Aug,NA,NA,NA,NA,NA,NA,NA,NA,NA,NA,NA
domestica,NA,NA,NA,NA,3,881,Prunus,NA,NA,NA,NA,NA,NA,NA,NA,NA,NA,NA,NA,NA,12-Sep,Early,5,NA,Often blue-purple,30+,NA,NA,NA,NA,NA,NA,NA,NA,NA,NA,NA
d. var. insititia,NA,NA,NA,NA,3,881,Prunus,NA,NA,NA,NA,NA,NA,NA,NA,NA,NA,NA,NA,NA,6-7.6,Early,NA,NA,Yellow to bluish black,25+,15-20,NA,NA,NA,NA,NA,NA,NA,NA,NA,NA
dulcis,NA,NA,NA,NA,3,881,Prunus,NA,NA,NA,NA,NA,NA,NA,NA,NA,NA,NA,NA,NA,09-Mar,Early,"4-,----",I,Brownish,30+,30-60,NA,NA,NA,NA,NA,NA,NA,NA,NA,NA
emarginata,NA,NA,NA,NA,3,881,Prunus,NA,NA,NA,NA,NA,NA,NA,NA,NA,NA,NA,NA,NA,I-15,1918,NA,NA,Bright red,12-Aug,NA,NA,NA,NA,NA,NA,NA,NA,NA,NA,NA
fasciculata,NA,NA,NA,NA,3,881,Prunus,NA,NA,NA,NA,NA,NA,NA,NA,NA,NA,NA,NA,NA,I-2.4,NA,NA,NA,NA,13,NA,NA,NA,NA,NA,NA,NA,NA,NA,NA,NA
fremontii,NA,NA,NA,NA,3,881,Prunus,NA,NA,NA,NA,NA,NA,NA,NA,NA,NA,NA,NA,NA,1.5-3.7,NA,NA,NA,Yellowish,15-20,13,NA,NA,NA,NA,NA,NA,NA,NA,NA,NA
gracilis,NA,NA,NA,NA,3,881,Prunus,NA,NA,NA,NA,NA,NA,NA,NA,NA,NA,NA,NA,NA,4.6,NA,NA,NA,Red,13,NA,NA,NA,NA,NA,NA,NA,NA,NA,NA,NA
hortulana,NA,NA,NA,NA,3,881,Prunus,NA,NA,NA,NA,NA,NA,NA,NA,NA,NA,NA,NA,NA,9,NA,3,NA,Red to yellow,25,NA,NA,NA,NA,NA,NA,NA,NA,NA,NA,NA
ilicifolia,NA,NA,NA,NA,3,881,Prunus,NA,NA,NA,NA,NA,NA,NA,NA,NA,NA,NA,NA,NA,7.6-9,Pre-1925,3,NA,Purple or black,13-17,25,NA,NA,NA,NA,NA,NA,NA,NA,NA,NA
laurocerasus,NA,NA,NA,NA,3,881,Prunus,NA,NA,NA,NA,NA,NA,NA,NA,NA,NA,NA,NA,NA,5.5,NA,NA,NA,Purple to black,10,13-Aug,NA,NA,NA,NA,NA,NA,NA,NA,NA,NA
mahaleb,NA,NA,NA,NA,3,881,Prunus,NA,NA,NA,NA,NA,NA,NA,NA,NA,NA,NA,NA,NA,10-Jun,Early,3,I-2,Black,10-Aug,10-Jun,NA,NA,NA,NA,NA,NA,NA,NA,NA,NA
maritima,NA,NA,NA,NA,3,881,Prunus,NA,NA,NA,NA,NA,NA,NA,NA,NA,NA,NA,NA,NA,3,NA,3,NA,Purple,13-25,20,NA,NA,NA,NA,NA,NA,NA,NA,NA,NA
munsoniana,NA,NA,NA,NA,3,881,Prunus,NA,NA,NA,NA,NA,NA,NA,NA,NA,NA,NA,NA,NA,09-Jun,Pre-1909,3,NA,Red or yellow,20-30,15-25,NA,NA,NA,NA,NA,NA,NA,NA,NA,NA
padus,NA,NA,NA,NA,3,881,Prunus,NA,NA,NA,NA,NA,NA,NA,NA,NA,NA,NA,NA,NA,15,Early,NA,2,Black in typical variety,08-Jun,NA,NA,NA,NA,NA,NA,NA,NA,NA,NA,NA
pensylvanica,NA,NA,NA,NA,3,881,Prunus,NA,NA,NA,NA,NA,NA,NA,NA,NA,NA,NA,NA,NA,12-Mar,1773,2,NA,Light red,07-May,NA,NA,NA,NA,NA,NA,NA,NA,NA,NA,NA
persica,NA,NA,NA,NA,3,881,Prunus,NA,NA,NA,NA,NA,NA,NA,NA,NA,NA,NA,NA,NA,3-7.6,Early,3,I-2,Yellow to red,30-60,30-75,NA,NA,NA,NA,NA,NA,NA,NA,NA,NA
pumila,NA,NA,NA,NA,3,881,Prunus,NA,NA,NA,NA,NA,NA,NA,NA,NA,NA,NA,NA,NA,0.3-2.4,1756,NA,NA,Purple-black,10,10,NA,NA,NA,NA,NA,NA,NA,NA,NA,NA
P.var. besseyi,NA,NA,NA,NA,3,881,Prunus,NA,NA,NA,NA,NA,NA,NA,NA,NA,NA,NA,NA,NA,0.3-1.2,1892,03-Feb,NA,Purple to black,15,NA,NA,NA,NA,NA,NA,NA,NA,NA,NA,NA
serotina,NA,NA,NA,NA,3,881,Prunus,NA,NA,NA,NA,NA,NA,NA,NA,NA,NA,NA,NA,NA,15.3-33.5,1629,5,I-5,Black,10-Jul,10-Jun,NA,NA,NA,NA,NA,NA,NA,NA,NA,NA
spinosa,NA,NA,NA,NA,3,881,Prunus,NA,NA,NA,NA,NA,NA,NA,NA,NA,NA,NA,NA,NA,4,Early,NA,I-2,Blue-black,15-Oct,15,NA,NA,NA,NA,NA,NA,NA,NA,NA,NA
subcordata,NA,NA,NA,NA,3,881,Prunus,NA,NA,NA,NA,NA,NA,NA,NA,NA,NA,NA,NA,NA,3-7.6,~ 1850,NA,2,Red or yellow,20-30,15-30,NA,NA,NA,NA,NA,NA,NA,NA,NA,NA
tomentosa,NA,NA,NA,NA,3,881,Prunus,NA,NA,NA,NA,NA,NA,NA,NA,NA,NA,NA,NA,NA,1.8-3,1870,03-Feb,I-2,Red,31-Oct,15,NA,NA,NA,NA,NA,NA,NA,NA,NA,NA
umbellata,NA,NA,NA,NA,3,881,Prunus,NA,NA,NA,NA,NA,NA,NA,NA,NA,NA,NA,NA,NA,NA,NA,3,NA,"Black, red, yellow",15-Oct,13-Oct,NA,NA,NA,NA,NA,NA,NA,NA,NA,NA
virginiana,NA,NA,NA,NA,3,881,Prunus,NA,NA,NA,NA,NA,NA,NA,NA,NA,NA,NA,NA,NA,1.8-9,1724,NA,NA,Red-purple to dark purple,8,NA,NA,NA,NA,NA,NA,NA,NA,NA,NA,NA
albicaulis,NA,1852,NA,NA,2,814,Pinus,NA,NA,NA,NA,NA,NA,NA,NA,NA,NA,NA,NA,NA,NA,NA,NA,NA,NA,NA,NA,6-33,20-30,05-Mar,NA,NA,NA,NA,NA,NA,NA
aristata,NA,1861,NA,NA,2,814,Pinus,NA,NA,NA,NA,NA,NA,NA,NA,NA,NA,NA,NA,NA,NA,NA,NA,NA,NA,NA,NA,15-Jun,20,102,NA,NA,NA,NA,NA,NA,NA
arizonica,NA,NA,NA,NA,2,814,Pinus,NA,NA,NA,NA,NA,NA,NA,NA,NA,NA,NA,NA,NA,NA,NA,NA,NA,NA,NA,NA,23-27,15-20,03-Feb,NA,NA,NA,NA,NA,NA,NA
armandii,NA,1895,NA,NA,2,814,Pinus,NA,NA,NA,NA,NA,NA,NA,NA,NA,NA,NA,NA,NA,NA,NA,NA,NA,NA,NA,NA,18-37,20,NA,NA,NA,NA,NA,NA,NA,NA
attenuata,NA,1847,NA,NA,2,814,Pinus,NA,NA,NA,NA,NA,NA,NA,NA,NA,NA,NA,NA,NA,NA,NA,NA,NA,NA,NA,NA,15-May,08-May,I,NA,NA,NA,NA,NA,NA,NA
balfouriana,NA,1852,NA,NA,2,814,Pinus,NA,NA,NA,NA,NA,NA,NA,NA,NA,NA,NA,NA,NA,NA,NA,NA,NA,NA,NA,NA,18-Nov,20,06-May,NA,NA,NA,NA,NA,NA,NA
banksiana,NA,"1783, earlier",NA,NA,2,814,Pinus,NA,NA,NA,NA,NA,NA,NA,NA,NA,NA,NA,NA,NA,NA,NA,NA,NA,NA,NA,NA,17-30,15-Mar,04-Mar,NA,NA,NA,NA,NA,NA,NA
brutia,NA,NA,NA,NA,2,814,Pinus,NA,NA,NA,NA,NA,NA,NA,NA,NA,NA,NA,NA,NA,NA,NA,NA,NA,NA,NA,NA,20-30,10-Jul,I,NA,NA,NA,NA,NA,NA,NA
canariensis,NA,NA,NA,NA,2,814,Pinus,NA,NA,NA,NA,NA,NA,NA,NA,NA,NA,NA,NA,NA,NA,NA,NA,NA,NA,NA,NA,30,15-20,04-Mar,NA,NA,NA,NA,NA,NA,NA
caribaea,NA,NA,NA,NA,2,814,Pinus,NA,NA,NA,NA,NA,NA,NA,NA,NA,NA,NA,NA,NA,NA,NA,NA,NA,NA,NA,NA,18-30,NA,NA,NA,NA,NA,NA,NA,NA,NA
cembra,NA,1746,NA,NA,2,814,Pinus,NA,NA,NA,NA,NA,NA,NA,NA,NA,NA,NA,NA,NA,NA,NA,NA,NA,NA,NA,NA,23-Oct,25-30,10-Jun,NA,NA,NA,NA,NA,NA,NA
cembroides,NA,1830,NA,NA,2,814,Pinus,NA,NA,NA,NA,NA,NA,NA,NA,NA,NA,NA,NA,NA,NA,NA,NA,NA,NA,NA,NA,08-May,NA,08-May,NA,NA,NA,NA,NA,NA,NA
clausa,NA,1832,NA,NA,2,814,Pinus,NA,NA,NA,NA,NA,NA,NA,NA,NA,NA,NA,NA,NA,NA,NA,NA,NA,NA,NA,NA,24-May,5,02-Jan,NA,NA,NA,NA,NA,NA,NA
contorta,NA,NA,NA,NA,2,814,Pinus,NA,NA,NA,NA,NA,NA,NA,NA,NA,NA,NA,NA,NA,NA,NA,NA,NA,NA,NA,NA,NA,NA,NA,NA,NA,NA,NA,NA,NA,NA
var. contorta,NA,1855,NA,NA,2,814,Pinus,NA,NA,NA,NA,NA,NA,NA,NA,NA,NA,NA,NA,NA,NA,NA,NA,NA,NA,NA,NA,12-Jun,08-Apr,I,NA,NA,NA,NA,NA,NA,NA
var. latifolia,NA,1853,NA,NA,2,814,Pinus,NA,NA,NA,NA,NA,NA,NA,NA,NA,NA,NA,NA,NA,NA,NA,NA,NA,NA,NA,NA,8-46,10-May,I,NA,NA,NA,NA,NA,NA,NA
var. murrayana,NA,NA,NA,NA,2,814,Pinus,NA,NA,NA,NA,NA,NA,NA,NA,NA,NA,NA,NA,NA,NA,NA,NA,NA,NA,NA,NA,15-30,08-Apr,I,NA,NA,NA,NA,NA,NA,NA
coulteri,NA,1832,NA,NA,2,814,Pinus,NA,NA,NA,NA,NA,NA,NA,NA,NA,NA,NA,NA,NA,NA,NA,NA,NA,NA,NA,NA,23-Sep,20-Aug,06-Mar,NA,NA,NA,NA,NA,NA,NA
densiflora,NA,1854,NA,NA,2,814,Pinus,NA,NA,NA,NA,NA,NA,NA,NA,NA,NA,NA,NA,NA,NA,NA,NA,NA,NA,NA,NA,21-37,20-30,2,NA,NA,NA,NA,NA,NA,NA
echinata,NA,1726,NA,NA,2,814,Pinus,NA,NA,NA,NA,NA,NA,NA,NA,NA,NA,NA,NA,NA,NA,NA,NA,NA,NA,NA,NA,2-30,20-May,10-Mar,NA,NA,NA,NA,NA,NA,NA
edulis,NA,1848,NA,NA,2,814,Pinus,NA,NA,NA,NA,NA,NA,NA,NA,NA,NA,NA,NA,NA,NA,NA,NA,NA,NA,NA,NA,12-Mar,25-75,05-Feb,NA,NA,NA,NA,NA,NA,NA
elliottii,NA,NA,NA,NA,2,814,Pinus,NA,NA,NA,NA,NA,NA,NA,NA,NA,NA,NA,NA,NA,NA,NA,NA,NA,NA,NA,NA,NA,NA,NA,NA,NA,NA,NA,NA,NA,NA
var. densa,NA,NA,NA,NA,2,814,Pinus,NA,NA,NA,NA,NA,NA,NA,NA,NA,NA,NA,NA,NA,NA,NA,NA,NA,NA,NA,NA,26-Aug,12-Aug,I-5,NA,NA,NA,NA,NA,NA,NA
var. elliottii,NA,NA,NA,NA,2,814,Pinus,NA,NA,NA,NA,NA,NA,NA,NA,NA,NA,NA,NA,NA,NA,NA,NA,NA,NA,NA,NA,24-30,10-Jul,3,NA,NA,NA,NA,NA,NA,NA
engelmannii,NA,NA,NA,NA,2,814,Pinus,NA,NA,NA,NA,NA,NA,NA,NA,NA,NA,NA,NA,NA,NA,NA,NA,NA,NA,NA,NA,15-21,28-30,04-Mar,NA,NA,NA,NA,NA,NA,NA
flexilis,NA,1861,NA,NA,2,814,Pinus,NA,NA,NA,NA,NA,NA,NA,NA,NA,NA,NA,NA,NA,NA,NA,NA,NA,NA,NA,NA,24-Jun,20-40,04-Feb,NA,NA,NA,NA,NA,NA,NA
gerardiana,NA,1839,NA,NA,2,814,Pinus,NA,NA,NA,NA,NA,NA,NA,NA,NA,NA,NA,NA,NA,NA,NA,NA,NA,NA,NA,NA,15-24,NA,NA,NA,NA,NA,NA,NA,NA,NA
glabra,NA,NA,NA,NA,2,814,Pinus,NA,NA,NA,NA,NA,NA,NA,NA,NA,NA,NA,NA,NA,NA,NA,NA,NA,NA,NA,NA,24-27,10,NA,NA,NA,NA,NA,NA,NA,NA
halepensis,NA,1683,NA,NA,2,814,Pinus,NA,NA,NA,NA,NA,NA,NA,NA,NA,NA,NA,NA,NA,NA,NA,NA,NA,NA,NA,NA,15-24,15-20,I,NA,NA,NA,NA,NA,NA,NA
heldreichii,NA,1865,NA,NA,2,814,Pinus,NA,NA,NA,NA,NA,NA,NA,NA,NA,NA,NA,NA,NA,NA,NA,NA,NA,NA,NA,NA,18-30,NA,NA,NA,NA,NA,NA,NA,NA,NA
jeffreyi,NA,1853,NA,NA,2,814,Pinus,NA,NA,NA,NA,NA,NA,NA,NA,NA,NA,NA,NA,NA,NA,NA,NA,NA,NA,NA,NA,18-55,8,04-Feb,NA,NA,NA,NA,NA,NA,NA
kesiya,NA,NA,NA,NA,2,814,Pinus,NA,NA,NA,NA,NA,NA,NA,NA,NA,NA,NA,NA,NA,NA,NA,NA,NA,NA,NA,NA,30-46,10-May,I,NA,NA,NA,NA,NA,NA,NA
koraiensis,NA,1861,NA,NA,2,814,Pinus,NA,NA,NA,NA,NA,NA,NA,NA,NA,NA,NA,NA,NA,NA,NA,NA,NA,NA,NA,NA,27-46,15-40,I-5,NA,NA,NA,NA,NA,NA,NA
lambertiana,NA,1827,NA,NA,2,814,Pinus,NA,NA,NA,NA,NA,NA,NA,NA,NA,NA,NA,NA,NA,NA,NA,NA,NA,NA,NA,NA,30-69,40-80,05-Mar,NA,NA,NA,NA,NA,NA,NA
leiophylla var. chihuahuana,NA,NA,NA,NA,2,814,Pinus,NA,NA,NA,NA,NA,NA,NA,NA,NA,NA,NA,NA,NA,NA,NA,NA,NA,NA,NA,NA,24-Sep,28-30,04-Mar,NA,NA,NA,NA,NA,NA,NA
merkusii,NA,NA,NA,NA,2,814,Pinus,NA,NA,NA,NA,NA,NA,NA,NA,NA,NA,NA,NA,NA,NA,NA,NA,NA,NA,NA,NA,18-30,20-Oct,I-2,NA,NA,NA,NA,NA,NA,NA
monophylla,NA,1848,NA,NA,2,814,Pinus,NA,NA,NA,NA,NA,NA,NA,NA,NA,NA,NA,NA,NA,NA,NA,NA,NA,NA,NA,NA,15-Jun,20-25,I-2,NA,NA,NA,NA,NA,NA,NA
monticola,NA,1851,NA,NA,2,814,Pinus,NA,NA,NA,NA,NA,NA,NA,NA,NA,NA,NA,NA,NA,NA,NA,NA,NA,NA,NA,NA,27-61,20-Jul,07-Mar,NA,NA,NA,NA,NA,NA,NA
mugo,NA,1779,NA,NA,2,814,Pinus,NA,NA,NA,NA,NA,NA,NA,NA,NA,NA,NA,NA,NA,NA,NA,NA,NA,NA,NA,NA,12-Feb,10,1,NA,NA,NA,NA,NA,NA,NA
muricata,NA,1846,NA,NA,2,814,Pinus,NA,NA,NA,NA,NA,NA,NA,NA,NA,NA,NA,NA,NA,NA,NA,NA,NA,NA,NA,NA,27-Dec,06-May,03-Feb,NA,NA,NA,NA,NA,NA,NA
nigra,NA,1759,NA,NA,2,814,Pinus,NA,NA,NA,NA,NA,NA,NA,NA,NA,NA,NA,NA,NA,NA,NA,NA,NA,NA,NA,NA,20-50,15-40,05-Feb,NA,NA,NA,NA,NA,NA,NA
palustris,NA,1727,NA,NA,2,814,Pinus,NA,NA,NA,NA,NA,NA,NA,NA,NA,NA,NA,NA,NA,NA,NA,NA,NA,NA,NA,NA,24-37,20,07-May,NA,NA,NA,NA,NA,NA,NA
patula,NA,NA,NA,NA,2,814,Pinus,NA,NA,NA,NA,NA,NA,NA,NA,NA,NA,NA,NA,NA,NA,NA,NA,NA,NA,NA,NA,18-34,15-Dec,NA,NA,NA,NA,NA,NA,NA,NA
parviflora,NA,1861,NA,NA,2,814,Pinus,NA,NA,NA,NA,NA,NA,NA,NA,NA,NA,NA,NA,NA,NA,NA,NA,NA,NA,NA,NA,30-May,NA,05-Apr,NA,NA,NA,NA,NA,NA,NA
peuce,NA,1863,NA,NA,2,814,Pinus,NA,NA,NA,NA,NA,NA,NA,NA,NA,NA,NA,NA,NA,NA,NA,NA,NA,NA,NA,NA,30-Oct,30-Dec,04-Mar,NA,NA,NA,NA,NA,NA,NA
pinaster,NA,"1660, earlier",NA,NA,2,814,Pinus,NA,NA,NA,NA,NA,NA,NA,NA,NA,NA,NA,NA,NA,NA,NA,NA,NA,NA,NA,NA,27-37,15-Oct,05-Mar,NA,NA,NA,NA,NA,NA,NA
pinea,NA,Long history,NA,NA,2,814,Pinus,NA,NA,NA,NA,NA,NA,NA,NA,NA,NA,NA,NA,NA,NA,NA,NA,NA,NA,NA,NA,14-23,NA,NA,NA,NA,NA,NA,NA,NA,NA
ponderosa var. ponderosa,NA,1826,NA,NA,2,814,Pinus,NA,NA,NA,NA,NA,NA,NA,NA,NA,NA,NA,NA,NA,NA,NA,NA,NA,NA,NA,NA,18-70,16-20,05-Feb,NA,NA,NA,NA,NA,NA,NA
var. scopulorum,NA,NA,NA,NA,2,814,Pinus,NA,NA,NA,NA,NA,NA,NA,NA,NA,NA,NA,NA,NA,NA,NA,NA,NA,NA,NA,NA,15-35,20-Jun,05-Feb,NA,NA,NA,NA,NA,NA,NA
pumila,NA,1807,NA,NA,2,814,Pinus,NA,NA,NA,NA,NA,NA,NA,NA,NA,NA,NA,NA,NA,NA,NA,NA,NA,NA,NA,NA,0.3-2.5,NA,NA,NA,NA,NA,NA,NA,NA,NA
pungens,NA,1804,NA,NA,2,814,Pinus,NA,NA,NA,NA,NA,NA,NA,NA,NA,NA,NA,NA,NA,NA,NA,NA,NA,NA,NA,NA,18-Sep,5,NA,NA,NA,NA,NA,NA,NA,NA
quadrifolia,NA,1885,NA,NA,2,814,Pinus,NA,NA,NA,NA,NA,NA,NA,NA,NA,NA,NA,NA,NA,NA,NA,NA,NA,NA,NA,NA,09-May,NA,I-5,NA,NA,NA,NA,NA,NA,NA
radiata,NA,1833,NA,NA,2,814,Pinus,NA,NA,NA,NA,NA,NA,NA,NA,NA,NA,NA,NA,NA,NA,NA,NA,NA,NA,NA,NA,2-46,10-May,I,NA,NA,NA,NA,NA,NA,NA
macrocarpa,NA,NA,20,NA,3,895,Pseudotsuga,NA,NA,NA,NA,NA,NA,NA,NA,NA,NA,NA,NA,NA,NA,NA,NA,NA,NA,NA,NA,NA,NA,NA,30-Sep,17-Nov,NA,NA,NA,NA,NA
menziesii var. glauca,NA,NA,20,10-Mar,3,895,Pseudotsuga,NA,NA,NA,NA,NA,NA,NA,NA,NA,NA,NA,NA,NA,NA,NA,NA,NA,NA,NA,NA,NA,NA,NA,23-49,07-Apr,NA,NA,NA,NA,NA
var. menziesii,NA,NA,7-10+,11-Feb,3,895,Pseudotsuga,NA,NA,NA,NA,NA,NA,NA,NA,NA,NA,NA,NA,NA,NA,NA,NA,NA,NA,NA,NA,NA,NA,NA,27-91,10-Jun,NA,NA,NA,NA,NA
lawsoniana,NA,1854,NA,05-Mar,3,393,Chamaecyparis,to 73,NA,NA,NA,NA,NA,NA,NA,NA,NA,20-May,NA,NA,NA,NA,NA,NA,NA,NA,NA,NA,NA,NA,NA,NA,Greenish yellow to red brown,NA,NA,NA,NA
nootkatensis,NA,1851,NA,4 or more,3,393,Chamaecyparis,to 53,NA,NA,NA,NA,NA,NA,NA,NA,NA,NA,NA,NA,NA,NA,NA,NA,NA,NA,NA,NA,NA,NA,NA,NA,Yellow brown to red brown,NA,NA,NA,NA
thyoides,NA,1727,NA,I or more,3,393,Chamaecyparis,27-Dec,NA,NA,NA,NA,NA,NA,NA,NA,NA,20-Mar,NA,NA,NA,NA,NA,NA,NA,NA,NA,NA,NA,NA,NA,NA,"Greenish with glaucous bloom to bluish- purple & glaucous, finally red brown",NA,NA,NA,NA
resinosa,NA,1756,NA,NA,2,814,Pinus,NA,NA,NA,NA,NA,NA,NA,NA,NA,NA,NA,NA,NA,NA,NA,NA,NA,NA,NA,NA,21-46,NA,07-Mar,NA,NA,NA,20-25,NA,NA,NA
rigida,NA,"1759, earlier",NA,NA,2,814,Pinus,NA,NA,NA,NA,NA,NA,NA,NA,NA,NA,NA,NA,NA,NA,NA,NA,NA,NA,NA,NA,30-Jun,NA,09-Apr,NA,NA,NA,04-Mar,NA,NA,NA
roxburghii,NA,1807,NA,NA,2,814,Pinus,NA,NA,NA,NA,NA,NA,NA,NA,NA,NA,NA,NA,NA,NA,NA,NA,NA,NA,NA,NA,46-55,NA,04-Feb,NA,NA,NA,15-40,NA,NA,NA
sabiniana,NA,1832,NA,NA,2,814,Pinus,NA,NA,NA,NA,NA,NA,NA,NA,NA,NA,NA,NA,NA,NA,NA,NA,NA,NA,NA,NA,24-Dec,NA,04-Feb,NA,NA,NA,25-Oct,NA,NA,NA
serotina,NA,1713,NA,NA,2,814,Pinus,NA,NA,NA,NA,NA,NA,NA,NA,NA,NA,NA,NA,NA,NA,NA,NA,NA,NA,NA,NA,24-Dec,NA,I,NA,NA,NA,10-Apr,NA,NA,NA
sibirica,NA,1837,NA,NA,2,814,Pinus,NA,NA,NA,NA,NA,NA,NA,NA,NA,NA,NA,NA,NA,NA,NA,NA,NA,NA,NA,NA,40,NA,08-Mar,NA,NA,NA,25-35,NA,NA,NA
strobiformis,NA,1840,NA,NA,2,814,Pinus,NA,NA,NA,NA,NA,NA,NA,NA,NA,NA,NA,NA,NA,NA,NA,NA,NA,NA,NA,NA,8-38,NA,04-Mar,NA,NA,NA,15,NA,NA,NA
strobus,NA,1705,NA,NA,2,814,Pinus,NA,NA,NA,NA,NA,NA,NA,NA,NA,NA,NA,NA,NA,NA,NA,NA,NA,NA,NA,NA,24-67,NA,10-Mar,NA,NA,NA,10-May,NA,NA,NA
sylvestris,NA,Long history,NA,NA,2,814,Pinus,NA,NA,NA,NA,NA,NA,NA,NA,NA,NA,NA,NA,NA,NA,NA,NA,NA,NA,NA,NA,24-40,NA,06-Apr,NA,NA,NA,15-May,NA,NA,NA
taeda,NA,1713,NA,NA,2,814,Pinus,NA,NA,NA,NA,NA,NA,NA,NA,NA,NA,NA,NA,NA,NA,NA,NA,NA,NA,NA,NA,27-34,NA,13-Mar,NA,NA,NA,10-May,NA,NA,NA
thunbergiana,NA,1855,NA,NA,2,814,Pinus,NA,NA,NA,NA,NA,NA,NA,NA,NA,NA,NA,NA,NA,NA,NA,NA,NA,NA,NA,NA,30-40,NA,NA,NA,NA,NA,6-40,NA,NA,NA
torreyana,NA,1853,NA,NA,2,814,Pinus,NA,NA,NA,NA,NA,NA,NA,NA,NA,NA,NA,NA,NA,NA,NA,NA,NA,NA,NA,NA,18-Aug,NA,I,NA,NA,NA,18-Dec,NA,NA,NA
virginiana,NA,1739,NA,NA,2,814,Pinus,NA,NA,NA,NA,NA,NA,NA,NA,NA,NA,NA,NA,NA,NA,NA,NA,NA,NA,NA,NA,15-30,NA,I,NA,NA,NA,5,NA,NA,NA
wallichiana,NA,1827,NA,NA,2,814,Pinus,NA,NA,NA,NA,NA,NA,NA,NA,NA,NA,NA,NA,NA,NA,NA,NA,NA,NA,NA,NA,15-46,NA,I-2,NA,NA,NA,15-20,NA,NA,NA
washoensis,NA,NA,NA,NA,2,814,Pinus,NA,NA,NA,NA,NA,NA,NA,NA,NA,NA,NA,NA,NA,NA,NA,NA,NA,NA,NA,NA,18-46,NA,05-Feb,NA,NA,NA,15-20,NA,NA,NA
grandifolia,NA,1800,NA,NA,3,522,Fagus,21-37,NA,NA,NA,NA,NA,NA,NA,NA,NA,40,NA,NA,NA,NA,NA,NA,NA,NA,NA,NA,NA,NA,NA,NA,NA,NA,03-Feb,NA,NA
grandifolia,NA,NA,NA,NA,3,522,Fagus,NA,NA,NA,NA,NA,NA,NA,NA,NA,NA,NA,NA,NA,NA,NA,NA,NA,NA,NA,NA,NA,NA,NA,NA,NA,NA,NA,05-Apr,Wisconsin,NA
sylvatica,NA,Long ago,NA,NA,3,522,Fagus,20-30,NA,NA,NA,NA,NA,NA,NA,NA,NA,40-80,NA,NA,NA,NA,NA,NA,NA,NA,NA,NA,NA,NA,NA,NA,NA,NA,08-May,Mtn areas,NA
sylvatica,NA,NA,NA,NA,3,522,Fagus,NA,NA,NA,NA,NA,NA,NA,NA,NA,NA,NA,NA,NA,NA,NA,NA,NA,NA,NA,NA,NA,NA,NA,NA,NA,NA,NA,12-Sep,Great Britain,NA
sylvatica,NA,,NA,NA,3,522,Fagus,NA,NA,NA,NA,NA,NA,NA,NA,NA,NA,NA,NA,NA,NA,NA,NA,NA,NA,NA,NA,NA,NA,NA,NA,NA,NA,NA,10-Mar,NA,NA
sylvatica,NA,NA,NA,NA,3,522,Fagus,NA,NA,NA,NA,NA,NA,NA,NA,NA,NA,NA,NA,NA,NA,NA,NA,NA,NA,NA,NA,NA,NA,NA,NA,NA,NA,NA,15-20,NA,NA
alba,NA,1766,NA,NA,3,335,Carya,30,NA,NA,NA,NA,NA,NA,NA,NA,NA,25,NA,NA,NA,NA,NA,NA,NA,NA,NA,NA,NA,NA,NA,NA,NA,NA,NA,NA,03-Feb
aquatica,NA,1800,NA,NA,3,335,Carya,30,NA,NA,NA,NA,NA,NA,NA,NA,NA,20,NA,NA,NA,NA,NA,NA,NA,NA,NA,NA,NA,NA,NA,NA,NA,NA,NA,NA,I-2
cordiformis,NA,1689,NA,NA,3,335,Carya,15-30,NA,NA,NA,NA,NA,NA,NA,NA,NA,30,NA,NA,NA,NA,NA,NA,NA,NA,NA,NA,NA,NA,NA,NA,NA,NA,NA,NA,05-Mar
glabra,NA,1750,NA,NA,3,335,Carya,24-27,NA,NA,NA,NA,NA,NA,NA,NA,NA,30,NA,NA,NA,NA,NA,NA,NA,NA,NA,NA,NA,NA,NA,NA,NA,NA,NA,NA,I-2
illinoensis,NA,1766,NA,NA,3,335,Carya,34-43,NA,NA,NA,NA,NA,NA,NA,NA,NA,20-Oct,NA,NA,NA,NA,NA,NA,NA,NA,NA,NA,NA,NA,NA,NA,NA,NA,NA,NA,I-2
laciniosa,NA,1800,NA,NA,3,335,Carya,37,NA,NA,NA,NA,NA,NA,NA,NA,NA,40,NA,NA,NA,NA,NA,NA,NA,NA,NA,NA,NA,NA,NA,NA,NA,NA,NA,NA,I-2
myristiciformis,NA,NA,NA,NA,3,335,Carya,24-30,NA,NA,NA,NA,NA,NA,NA,NA,NA,30,NA,NA,NA,NA,NA,NA,NA,NA,NA,NA,NA,NA,NA,NA,NA,NA,NA,NA,03-Feb
ovata,NA,1911,NA,NA,3,335,Carya,21-30,NA,NA,NA,NA,NA,NA,NA,NA,NA,40,NA,NA,NA,NA,NA,NA,NA,NA,NA,NA,NA,NA,NA,NA,NA,NA,NA,NA,I-3
pallida,NA,NA,NA,NA,3,335,Carya,30-Dec,NA,NA,NA,NA,NA,NA,NA,NA,NA,NA,NA,NA,NA,NA,NA,NA,NA,NA,NA,NA,NA,NA,NA,NA,NA,NA,NA,NA,03-Feb
