Publication.Type,Authors,Article.Title,Source.Title,Volume,Issue,Start.Page,Publication.Year,genus,species,accept_reject,reason_reject,language,available,paper_pulled,crops,notes,checkedby,studyID,scraped.by
J,"Abdul Baqi; Hussain, S. A.; Wazir Muhammad; Sharafat Khan",Effect of different stratification periods on germination and vigour of pecan cultivars.,Sarhad Journal of Agriculture,10,1,67,1994,Pecan,,A,,,ILL needed,,,,DB,abdul94,GG
J,"Abreu, Daniela Cleide A. de; Nogueira, Antonio Carlos; Medeiros, Antonio Carlos de Souza",Efeito do substrato e da temperatura na germina√ß√£o de sementes de cataia (Drimys brasiliensis miers. winteraceae),Revista Brasileira de Sementes,27,1,149,2005,Drimys,brasiliensis,A,,Portuguese,,Y,,,DB,abreu05,GG
J,Abuduca Diel; Ayimaimu Shawuti; Maimai Tiaili,Effect of pistachio seed soaking in solution of GA3 before stratification on the germination rate.,China Fruits,NA,4,66,2006,Pistachio,,A,,,ILL needed,,,There is a 0 GA treatment,EMW,abuduca06,GG
J,"Acosta, J. M.; Bentivegna, D. J.; Panigo, E. S.; Dellaferrera, I.; Perreta, M. G.",Factors affecting seed germination and emergence of Gomphrena perennis,WEED RESEARCH,53,1,69,2013,Gomphrena,perennis,A,,,,Y,,,DB,acosta13,Deirdre
J,"Acuna, P. B.",Effect of pretreatment on germination of seeds of Eucryphia glutinosa (Poepp. et Endl.) Baillon.,Bosque,24,2,79,2003,Eucryphia,glutinosa,A,,Spanish,ILL needed,,,,DB,acuna03,GG
J,"Agah, F.; Esmaeili, M. A.; Farzam, M.; Abbasi, R.",Effect of dormancy breaking treatments and seed bed medium on seed germination and morphology of Capparis spinosa L. seedlings.,Iranian Journal of Seed Science and Technology,9,3,fa45,2020,Caper,,A,,,ILL needed,,,"""Mazdavand ecotype""",EMW,agah20,GG
J,"Ahmad, H.; Hitchmough, J. D.",Germination and emergence of understorey and tall canopy forbs used in naturalistic sowing mixes. A comparison of performance in vitro v the field,SEED SCIENCE AND TECHNOLOGY,35,3,624,2007,Multiple,,A,,,ILL needed,,,,EMW,ahmad07,GG
J,"Ahn, H. K.; Kim, S. K.; Oh, J. H.","Seed germination of Actinidia arguta as affected by chilling, gibberellin, kinetin and light.",Journal of the Korean Society for Horticultural Science,25,4,290,1984,Actinida,arguta,A,,,ILL needed,,,,DB,ahn84,GG
J,"Ahola, V; Leinonen, K","Responses of Betula pendula, Picea abies, and Pinus sylvestris seeds to red/far-red ratios as affected by moist chilling and germination temperature",CANADIAN JOURNAL OF FOREST RESEARCH-REVUE CANADIENNE DE RECHERCHE FORESTIERE,29,11,1709,1999,Multiple,,A,,,,Y,,Temp treatments might 100% covary with light treatments,DB,ahola99,GG
J,"Aiello, N.; Fusani, P.",Effects of prechilling and gibberellic acid on seed germination of roseroot.,Sementi Elette,50,4,33,2004,Rhodeola,rosea,A,,,ILL needed,,,,DB,aiello04,GG
J,"Aiello, Nicola; Lombardo, Gabriella; Gianni, Sergio; Scartezzini, Fabrizio; Fusani, Pietro",The effect of cold stratification and of gibberellic acid on the seed germination of wild musk yarrow [Achillea erba-rotta subsp. moschata (Wulfen) I. Richardson] populations,JOURNAL OF APPLIED RESEARCH ON MEDICINAL AND AROMATIC PLANTS,7,,108,2017,Achillea,erbarotta,A,,,ILL needed,,,,DB,aiello17,GG
J,"Ailin Masini, Ana Carla; Edit Rovere, Adriana; Ines Pirk, Gabriela",Pre-germinative requirements of Maihuenia patagonica and Maihueniopsis darwinii endemic cacti from Patagonia,GAYANA BOTANICA,71,2,188,2014,Maihuenia,Multiple,A,,Spanish,,Y,,,DB,ailin14,TA
J,"Airi, S.; Bhatt, I. D.; Bhatt, A.; Rawal, R. S.; Dhar, U.",Variations in seed germination of Hippophae salicifolia with different presoaking treatments,Journal of Forestry Research (Harbin),20,1,27,2009,Hippophae,salicifolia,A,,,,Y,,,DB,airi09,TA
J,"Al-Absi, K. M.","The effects of different pre-sowing seed treatments on breaking the dormancy of mahaleb cherries, Prunus mahaleb L. seeds",SEED SCIENCE AND TECHNOLOGY,38,2,332,2010,Prunus,mahaleb,A,,,ILL needed,,,UBC might have access to this journal,DB,al-absi10,TA
J,"Alan, Ozlem; Eser, Benian",Pepper seed yield and quality in relation to fruit position on the mother plant.,Pakistan journal of biological sciences : PJBS,10,23,4251,2007,Capsicum,annuum,A,,,,,,,GG,alan07,TA
J,"Aldridge, C. D.; Probert, R. J.",Effects of partial drying on seed germination in the aquatic grasses Zizania palustris L. and Porteresia coarctata (Roxb.) Tateoka,Seed Science Research,2,4,199,1992,Mutiple,,A,,,,,,,GG,aldridge92,TA
J,"AlHelal, AA",Studies on germination of Rumex dentatus L seeds,JOURNAL OF ARID ENVIRONMENTS,33,1,39,1996,Rumex,dentatus,A,,,,,,,GG,alhelal96,DM
J,"Alinaghizadeh, M.; Khajeh-Hosseini, M.; Hosseini, S. A.; Mohasel, M. H. R.","The study of seed germination and dormancy of Chenopodium album, Convolvulus arvensis and Setaria viridis in pistachio orchards of Rafsanjan, Iran.",Iranian Journal of Seed Research,3,2,Pe71,2017,Multiple,,A,,,,,,,GG,alinaghizadeh17,TA
J,"ALLEN, G. S.","Factors affecting the viability and germination behavior of coniferous seed I. Cone and seed maturity, Tsuga heterophylla (Rafn.) Sarg. II. Cone and seed maturity, Pseudotsuga menziesii (Mirb.) Franco. III. Commercial processing and treatments similar to processing, Pseudotsuga menziesii (Mirb.) Franco, and other species",FOREST CHRON,34,-3,266,1958,Multiple,,A,,,,,,,GG,allen58,TA
J,"Alptekin, C. U.; Tilki, F.",Effects of stratification and pericarp removal on germination of Quercus libani acorns.,Silva Balcanica,NA,2(1),21,2002,Quercus,libani,A,,,,,,,GG,alptekin02,TA
J,"Amini, Arash; Kouchaksaraei, Masoud Tabari; Hosseini, Seyed Mohsen; Yousefzadeh, Hamed","INFLUENCE OF SEED MATURITY, PROVENANCE, AND DORMANCY BREAKAGE TREATMENT ON IMPROVEMENT OF SEED GERMINATION OF TILIA RUBRA SUBSP. CAUCASICA (RUPR.) V. ENGL. FORMA ANGULATA RUPR.",PROPAGATION OF ORNAMENTAL PLANTS,18,3,97,2018,Tilia,rubra,A,,,ILL needed,,,,DL,amini18,TA
J,"Amiri, J.; Rahemi, M.",The effect of temperature and hard shell removal on olive seed germination.,Journal of Agriculture Sciences,1,4,99,2004,Olea,europaea,A,,,ILL needed,,,,DL,amiri04,HHN
J,"Amooaghaie, R.",The effect mechanism of moist-chilling and GA3 on seed germination and subsequent seedling growth of Ferula ovina Boiss.,Open Plant Science Journal,3,,22,2009,Ferula,ovina,A,,,,Y,,,DL,amooaghaie09,Grace
J,An JunXia; Zhao Yu; Zhang ZhengKun; Shi HaiPeng; Ji DongMing; Cao HongYi; Du Qian; Li QiYun,Induction of cold tolerance in rice at the breeding stage by Gongzhulingmycin.,Scientia Agricultura Sinica,53,11,2195,2020,Rice,,A,,,ILL needed,,,,DL,an20,HHN
J,"Angelini, Luciana G.; Clemente, Clarissa; Tavarini, Silvia","Pre-Germination Treatments, Temperature, and Light Conditions Improved Seed Germination of Passiflora incarnata L.",AGRICULTURE-BASEL,11,10,,2021,Passiflora,incarnata,A,,,,Y,,,DL,angelini21,HHN
J,[Anonymous],Seed testing.,"Report. Forest Department, Fiji, 1960",NA,,10,1961,Agathis,vitiensis,A,,,,,,,GG,[anonymous]61,HHN
J,"Arji, I.; Dasgerdee, M. R.; Gerdekaneh, M.","Comparison of acid scarification, cold stratification on seed germination of three olive cultivars.",Iranian Journal of Seed Science and Technology,9,2,fa119,2020,Multiple,,A,,,,,,,GG,arji20,HHN
J,"Arslan, Hulya; Kirmizi, Serap; Guleryuz, Gurcan; Sakar, F. Selcen",GERMINATION REQUIREMENTS OF ANDROSACE VILLOSA L. (PRIMULACEAE),ACTA BIOLOGICA CRACOVIENSIA SERIES BOTANICA,53,2,32,2011,Androsace,villosa,A,,,,Y,,,GG,arslan11,HHN
J,"Ashraf, M; Kausar, A; Ashraf, MY",Alleviation of salt stress in pearl millet (Pennisetum glaucum (L.) R. Br.) through seed treatments,AGRONOMIE,23,3,227,2003,Pennisetum,glaucum,A,,,,,,,GG,ashraf03,HHN
J,"Atabaki, Zahra Mahmoodi; Gherekhloo, Javid; Ghaderi-Far, Farshid; Ansari, Omid; Hassanpour-bourkheili, Saeid",Investigating the effects of temperature on seed germination of cutleaf geranium (Geranium dissectum L.) and determination of its cardinal temperatures,PHYTOPARASITICA,49,1,143,2021,Geranium,dissectum,A,,,,,,,HHN,atabaki21,HHN
J,"Atak, Arif; Sen, Abdulbaki",A grape breeding programme using different Vitis species,PLANT BREEDING,140,6,1136,2021,Vitis,Multiple,A,,,,,,,HHN,atak21,HHN
J,"Azizi, H.; Moghaddam, P. R.; Parsa, M.; Shoor, M.; Khorasani, R.",Study on seed dormancy breakage treatments and some germination properties of Colchicum kotschyi Boiss. as a medicinal plant.,Iranian Journal of Seed Science and Research,6,3,fa399,2019,Colchicum,kotschyi,A,,,,,,,HHN,azizi19,HHN
J,Bae EunJi; Na HaeYoung,"Optimum seed maturity, stratification and washing method for establishment of seed propagation system in water dropwort (Oenanthe stolonifera DC).",Korean Journal of Breeding Science,47,2,128,2015,Oenanthe,javanica,A,,,,,,,HHN,bae15,EW
J,"Baek, Saeng Geul; Im, Jin Hyun; Kwak, Myeong Ja; Park, Cho Hee; Lee, Mi Hyun; Na, Chae Sun; Woo, Su Young",Non-Deep Physiological Dormancy in Seed and Germination Requirements of Lysimachia coreana Nakai,HORTICULTURAE,7,11,,2021,Lysimachia,coreana,A,,,,,,,GG,baek21,EW
J,"Bahrani, M. J.; Niknejad-Kazempour, H.",Effect of dormancy breaking treatments and salinity on seed germination of two desert shrubs,ARID LAND RESEARCH AND MANAGEMENT,21,2,107,2007,Multiple,,A,,,,,,,GG,bahrani07,EW
J,BALBOA O; GIL G; VALENZUELA W,SEED GERMINATION BEHAVIOR OF 2 CULTIVAR MERICIER CHERRY PRUNUS-AVIUM CLONES,Ciencia e Investigacion Agraria,10,3,231,1983,Multiple,,A,,,,,,,GG,balboa83,EW
J,"Barak, Rebecca S.; Lichtenberger, Taran M.; Wellman-Houde, Alyssa; Kramer, Andrea T.; Larkin, Daniel J.",Cracking the case: Seed traits and phylogeny predict time to germination in prairie restoration species,ECOLOGY AND EVOLUTION,8,11,5551,2018,Multiple,,A,,,,,,,TA,barak18,EW
J,"BARNHILL, MA; CUNNINGHAM, M; FARMER, RE",GERMINATION CHARACTERISTICS OF PAULOWNIA-TOMENTOSA,SEED SCIENCE AND TECHNOLOGY,10,2,217,1982,Paulownia,tomentosa,A,,,,,,can't find article through UBC search collections,TA,barnhill82,SC
J,"Barros Moreira, Orlanda Cristina; Martins, Jose; Silva, Luis; Moura, Monica",Seed Germination and Seedling Growth of the Endangered Azorean Cherry Prunus azorica,HORTSCIENCE,47,9,1222,2012,Prunus,azorica,A,,,,,,,TA,barros12,SC
J,"Basaran, U.; Mut, H.; Asci, O. Onal; Ayan, I.; Acar, Z.",Germination pattern of naturally grown Lathyrus and Vicia species to different methods and seedbeds,INTERNATIONAL JOURNAL OF PLANT PRODUCTION,6,3,325,2012,Multiple,,A,,,,,,,TA,basaran12,SC
J,"Basbag, Mehmet; Toncer, Ozlem; Basbag, Sema",Effects of different temperatures and duration on germination of caper (Capparis ovata) seeds,JOURNAL OF ENVIRONMENTAL BIOLOGY,30,4,621,2009,Capparis,ovata,A,,,,,,,TA,basbag09,SC
J,"Bashiri, K.; Jokar, A.; Karami, A.",Effects of cold stratification and plant growth regulators on seed germination of Iranian horned poppy (Glaucium corniculatum).,Iranian Journal of Seed Science and Research,4,3,fa53,2017,Glaucium,corniculatum,A,,,,,,,TA,bashiri17,SC
J,"Batlla, D; Benech-Arnold, RL",A quantitative analysis of dormancy loss dynamics in Polygonum aviculare L. seeds: Development of a thermal time model based on changes in seed population thermal parameters,SEED SCIENCE RESEARCH,13,1,55,2003,Polygonum,aviculare,A,,,,,,,TA,batlla03,DM
J,"Battaglia, M",Seed germination model for Eucalytpus delegatensis provenances germinating under conditions of variable temperature and water potential,AUSTRALIAN JOURNAL OF PLANT PHYSIOLOGY,24,1,69,1997,Eucalyptus,delegatensis,A,,,,,,,TA,battaglia97,DM
J,"BATTAGLIA, M","SEED-GERMINATION PHYSIOLOGY OF EUCALYPTUS-DELEGATENIS BAKER,R.T. IN TASMANIA",AUSTRALIAN JOURNAL OF BOTANY,41,1,119,1993,Eucalyptus,delegatensis,A,,,,,,,TA,battaglia93,DM
J,"Belletti, P.; Monteleone, I.; Ferrazzini, D.; Cotto, C.",Are sea buckthorn seeds really dormant?,Sherwood - Foreste ed Alberi Oggi,NA,110,29,2005,Hippophae,rhamnoides,R,crop,,,,,,TA,belletti05,DM
S,"Beppu, K.; Kawashima, Y.; Kataoka, I.",Effects of chilling exposure and heating temperature on bud burst and flowering of 'KU-PP1' peach tree.,Acta Horticulturae,NA,1229,229,2018,Prunus,persica,R,crop,,,,,,HHN,beppu18,DM
J,"Beyhan, N.; Demir, T.; Marangoz, D.",The effect of some germination inducing treatments and growing with plastic tube on seed germination and seedling development of walnut.,"Ondokuzmayis Universitesi, Ziraat Fakultesi Dergisi",14,3,101,1999,Juglans,Multiple,R,crop,,,,,,HHN,beyhan99,DM
J,"Bezdeckova, L.; Reznickova, J.",Effect of pre-sowing treatment on the germination and emergence of silver fir seeds.,Zpravy Lesnickeho Vyzkumu,57,3,249,2012,Abies,alba,A,,not english,,,,,HHN,bezdeckova12,DM
J,"BIBBY, K. M.",Experiments in pre -germination treatment of tree seed,FOREST RES NOTES [NEW ZEALAND],1,-7,9,1953,Multiple,,R,no env,,,,,,HHN,bibby53,DM
J,BOCHICCHIO A; VAZZANA C; RASCHI A; SALAMINI F,EFFECT OF MATURITY DEGREE AND SEED AGE ON GERMINATION AND EARLY GROWTH AT 20 C AND IN COLD TEST CONDITIONS FOR MAIZE HYBRID LARGELY CULTIVATED IN ITALY,Rivista di Agronomia,20,4,395,1986,Zea,Z. mays,A,,not english,,,,,DM,bochicchio86,DM
R,"Boddy, Louis G; Bradford, Kent J; Fischer, Albert J","Germination rates (GR, calculated by replicate as the inverse of median time to germination (1/t50) using Equation 5) following 24 days of stratification at three temperatures Tb for germination.",Figshare,1,,,2013,Echinochloa,oryzicola,R,monocot,English,,,,,DM,boddy13,DM
R,"Boddy, Louis G; Bradford, Kent J; Fischer, Albert J","Maximum germination rates (GR, calculated by replicate as the inverse of median time to germination (1/t50) using Equation 5) after stratification at 5¬∞C under various water potentials.",Figshare,1,,,2013,Echinochloa,oryzicola,A,,English,,,,,DM,boddy13,
J,"BORGHETTI, M; VENDRAMIN, GG; VENEZIANO, A; GIANNINI, R",INFLUENCE OF STRATIFICATION ON GERMINATION OF PINUS-LEUCODERMIS,CANADIAN JOURNAL OF FOREST RESEARCH-REVUE CANADIENNE DE RECHERCHE FORESTIERE,16,4,867,1986,Pinus,leucodermis,A,,English,Yes,,,,DM,borghetti86,
J,"Boscagli, A; Sette, B",Seed germination enhancement in Satureja montana L. ssp montana,SEED SCIENCE AND TECHNOLOGY,29,2,347,2001,Satureja,montana,A,,,Request from authors,,,,DM,boscagli01,
J,"Boyaci, S.; Altun, B.; Kazankaya, A.",The effect of different stratification media and temperature applications on seed germination and seedling growing in rosehip (Rosa canina L.).,Yuzuncu Yil Universitesi Journal of Agricultural Sciences,31,2,330,2021,Rosa,canina L.,A,,English,,,,,DM,boyaci21,
J,"Bozic, Manja; Stanojevic, Aleksandra; Markovic, Ksenija; Micic, Dragana Ignjatovic; Nikolic, Dragana; Milivojevic, Marija; Nikolic, Ana",PHYSIOLOGICAL AND GENE EXPRESSION CHANGES DURING IMBIBITION IN MAIZE SEEDS UNDER LOW TEMPERATURE CONDITIONS,GENETIKA-BELGRADE,53,3,1147,2021,Zea,Z. mays,A,,,,,,,DM,bozic21,
J,"Braendel, Markus",Dormancy and germination of heteromorphic achenes of Bidens frondosa,Flora (Jena),199,3,228,2004,Bidens,frondosa,A,,English,,,,,DM,braendel04,
J,"Brandel, M",The effect of stratification temperatures on the level of dormancy in primary and secondary dormant seeds of two Carex species,PLANT ECOLOGY,178,2,163,2005,Carex,spp.,A,,English,,,,,DM,brandel05,
J,"Brenchley, JL; Probert, RJ",Seed germination responses to some environmental factors in the seagrass Zostera capricorni from eastern Australia,AQUATIC BOTANY,62,3,177,1998,Zostera,capricorni,A,,English,,,,,DM,brenchley98,
J,"BREVIS ACU√ëA, PATRICIO",Efecto de tratamiento pregerminativo sobre la germinaci√≥n de semillas de Eucryphia glutinosa (Poepp. et Endl.) Baillon,Bosque (Valdivia),24,2,79,2003,Eucryphia,glutinosa,A,,,,,,,HHN,brevis03,
C,"Bruckner, C. H.; C. e Silva, J. Osmar da; Cruz, C. D.; Wagner Junior, A.; Moreno Sanchez, M. A.",Effect of the Embryo Genotype on the Chilling Requirement for Overcoming Peach Seed Dormancy,VII INTERNATIONAL PEACH SYMPOSIUM,962,,195,2012,Prunus,persica,A,,,,,,,HHN,bruckner12,
J,"Brunzel, Stefan","Ex-Situ Cultivation and In-Situ Management as Contribution to the Protection of Species - The examples of Cypripedium calceolus, Gladiolus palustris, Gentianella bohemica and Gentianella lutescens",Naturschutz und Landschaftsplanung,42,5,148,2010,Multiple,,A,,,,,,,HHN,brunzel10,
J,"Budisavljevic, Alan; Sandev, Dubravka; Randic, Marko; Stamenkovic, Vanja; Kovacic, Sanja",Seed dormancy and germination of five selected NATURA-2000 plant species from Croatia showing different germination strategies,PLANT BIOSYSTEMS,155,1,116,2021,Multiple,,A,,,,,,,HHN,budisavljevic21,
B,"BUSURIN, M.","The biology of the development of cherry seeds Referat. Zhur., Biol., 1959, No. 92748. (Translation)",Dokl. Mosk. Sel'skokhoz. Akad Im. K. A. Timiryazeva,NA,,186,1958,Prunus,avium,A,,,,,,,HHN,busurin58,
J,BUTKENE Z P,BIOLOGICAL AND BIOCHEMICAL CHARACTERIZATION OF THE BOG BLUEBERRY 5. SEED GERMINATION,Lietuvos TSR Mokslu Akademijos Darbai Serija C Biologijos Mokslai,NA,2,38,1989,Vaccinium,corymbosum,A,,,,,,,HHN,butkene89,
J,"Caliskan, Oguzhan; Mavi, Kazim; Polat, Aytekin",Influences of presowing treatments on the germination and emergence of fig seeds (Ficus carica L.),ACTA SCIENTIARUM-AGRONOMY,34,3,293,2012,Ficus,carica,A,,,,,,,GG,caliskan12,
J,"Campo Dall'Orto, F. A.; Ojima, M.; Rigitano, O.; Scaranari, H. J.; Martins, F. P.",Germination of apple seeds.,Bragantia,37,10,83,1978,,,A,,,,,,,GG,campo78,
J,"Cao, Qingjun; Li, Gang; Cui, Zhengguo; Yang, Fentuan; Jiang, Xiaoli; Diallo, Lamine; Kong, Fanli",Seed Priming with Melatonin Improves the Seed Germination of Waxy Maize under Chilling Stress via Promoting the Antioxidant System and Starch Metabolism,SCIENTIFIC REPORTS,9,,,2019,,,A,,,,,,,GG,cao19,
J,"CARPENTER, WJ; OSTMARK, ER",GROWTH-REGULATORS AND STORAGE-TEMPERATURE GOVERN GERMINATION OF COREOPSIS SEED,HORTSCIENCE,27,11,1190,1992,Coreopsis,lanceolata,A,,,,Y,,,GG,carpenter92,Sylvia
J,"Carron, C. A.; Baroffio, C. A.; Vouillamoz, J. F.",Stratification methods for the germination of vervain.,"Revue Suisse de Viticulture, Arboriculture et Horticulture",40,3,195,2008,Verbena,officinalis,A,,,,,,,GG,carron08,
J,"CASTRO, SA; FUENTES, ER; TIMMERMANN, BN",GERMINATION RESPONSES AND RESIN PRODUCTION OF GRINDELIA-GLUTINOSA AND G-TARAPACANA FROM THE ATACAMA DESERT,JOURNAL OF ARID ENVIRONMENTS,29,1,25,1995,Grindelia,,A,,,,,,,GG,castro95,
J,"Chachalis, D.; Darawsheh, M. K.; Khah, E. M.","Effects of initial seed moisture content, imbibition temperature and seed vigour on germination, electrolyte leakage and seedling growth in plum tomatoes",JOURNAL OF FOOD AGRICULTURE & ENVIRONMENT,6,04-Mar,299,2008,,,A,,,,,,,GG,chachalis08,
J,"Chakraborty, A. K.; Pandey, O. N.; Bhardwaj, S. D.",Presowing treatment on seeds of Terminalia bellirica.,"Journal of Research, Birsa Agricultural University",4,1,95,1992,Terminalia,bellirica,A,,,,,,,GG,chakraborty92,
J,"Chang, Tsu-Liang; Huang, I-ching; Lee, Chi-yang; Lu, Sheng-you; Chiu, Huei-long","The seed storage performance, seed dormancy and the growth of seedling of Lithocarpus lepidocarpus (Hayata) Hayata",Journal of the Agricultural Association of China,7,6,511,2006,Lithocarpus,lepidocarpus,A,,,,,,,GG,chang06,
J,"Chaves, Laura M. Cortese; Bonos, Stacy A.",Germination in Three Switchgrass Populations after Two Cycles of Divergent Selection for Seed Weight,AGRONOMY JOURNAL,108,2,566,2016,Panicum,virgatum,A,,,,,,,GG,chaves16,
J,"Chen, Iou-Zen; Huang, Chaur-Chuang; Lin, Chen-Yu; Lin, Jui-Yi",Effects of cool stratification and water rinse on the seed germination of the shatterstone (Phyllanthus urinaria L.) seeds.,Journal of the Chinese Society for Horticultural Science,51,2,209,2005,Phyllanthus,urinaria,A,,,,,,,GG,chen05,
J,"Chen, S. Y.; Lu, S. Y.; Chien, C. T.",Germination and storage of Trema cannabina seeds,SEED SCIENCE AND TECHNOLOGY,36,1,105,2008,Trema,cannabina,A,,,,,,,GG,chen08,
J,"Chen, Shun-Ying; Chou, Shih-Han; Tsai, Ching-Chu; Hsu, Wen-Yu; Baskin, Carol C.; Baskin, Jerry M.; Chien, Ching-Te; Kuo-Huang, Ling-Long","Effects of moist cold stratification on germination, plant growth regulators, metabolites and embryo ultrastructure in seeds of Acer morrisonense (Sapindaceae)",PLANT PHYSIOLOGY AND BIOCHEMISTRY,94,,165,2015,Acer,morrisonense,A,,,,,,,HHN,chen15,
J,"Chen, Shun-Ying; Ku, Shing-Rong; Baskin, Jerry M.; Baskin, Carol C.; Chien, Ching-Te",Seed dormancy and germination in Neolitsea acuminatissima (Lauraceae),Taiwan Journal of Forest Science,21,1,125,2006,Neolitsea,acuminatissima,A,,,,,,,HHN,chen06,
R,"Chen, Shun-Ying",Association of abscisic acid and gibberellins with dormancy and germination in seeds of Prunus buergeriana Miq.,Taiwan Forestry Research Institute Data Catalog,NA,,,2006,Prunus,buergeriana,A,,,,,,,HHN,chen06,
J,"Chiba, S.; Hayashida, M.",Seed selection and an effective germination-promoting method in Abies mariesii.,Journal of the Japanese Forest Society,102,6,372,2020,Abies,mariessi,A,,,,,,,GG,chiba20,
J,"Chichizola, G. A.; Rovere, A. E.; Gonzalez, S. L.","Germination of Oenothera odorata, endemic ruderal Onagraceae from Argentina",PHYTON-INTERNATIONAL JOURNAL OF EXPERIMENTAL BOTANY,87,,265,2018,Oenothera,odorata,A,,,,Y,,,GG,chichizola18,
R,"Chien, Chien-Te; Chen, Shun-Ying; Lu, Shueen-You",Germination and storage of Trema cannabina seeds.,Taiwan Forestry Research Institute Data Catalog,NA,,,2009,Trema,cannabina,A,,,,,,,GG,chien09,
R,"Chien, Ching-Te; Chen, Shun-Ying; Baskin, Jerry M; Baskin, Carol C; Kuo, Shing-Rong",Seed Dormancy and Germination in Neolitsea acuminatissima (Lauraceae).,Taiwan Forestry Research Institute Data Catalog,NA,,,2006,Neolitsea,acuminatissima,A,,,,,,,GG,chien06,
J,"Chira, D.; Mantale, C.; Chira, F.; Juveloiu, E.; Avram, C.; Achim, G.",Methods to improve artificial regeneration of the sweet chestnut.,Revista Padurilor,135,1,27,2020,,,A,,,,,,,GG,chira20,
J,"Cho, Hyun Jung; Sanders, Yvonne L.",Note on organic dormancy of estuarine Ruppia maritima L. seeds,HYDROBIOLOGIA,617,,197,2009,Ruppia,maritima,A,,,,,,,GG,cho09,
J,"Cho, Ju Sung; Jang, Bo Kook; Lee, Cheol Hee",Seed dormancy and germination characteristics of the endangered species Cicuta virosa L. in South Korea,HORTICULTURE ENVIRONMENT AND BIOTECHNOLOGY,59,4,473,2018,Cicuta,virosa,A,,,,,,,GG,cho18,
J,"Cho, Ju Sung; Lee, Cheol Hee",Effect of germination and water absorption on scarification and stratification of kousa dogwood seed,HORTICULTURE ENVIRONMENT AND BIOTECHNOLOGY,59,3,335,2018,Cornus,kousa,A,,,,,,,HHN,cho18,
J,"Cho, Young Yeol; Lee, Yong-Beom; Oh, Myung-Min; Son, Jung Eek",Application of Quadratic Models for Establishment of Adequate Temperature Ranges in Germination of Various Hot Pepper (Capsicum annuum L.) Cultivars,HORTICULTURE ENVIRONMENT AND BIOTECHNOLOGY,53,3,222,2012,Capsicum,annuum,A,,,,,,,HHN,cho12,
J,Chu AiXiang; Li YanMei; Shen CaiXia,Effects of different treatments on the seed germination of Malus Red Splendor.,Seed,31,11,43,2012,Malus,pumila,A,,,,,,,HHN,chu12,
J,"Chuanren, D; Bochu, W; Liu, WQ; Jing, C; Jie, L; Huan, Z",Effect of chemical and physical factors to improve the germination rate of Echinacea angustifolia seeds,COLLOIDS AND SURFACES B-BIOINTERFACES,37,04-Mar,101,2004,Echinacea,angustifolia,A,,,,,,,HHN,chuanren04,
J,"Clemente, Adelaide S.; Mueller, Jonas V.; Almeida, Erika; Costa, Catarina A.; Dias, Sara Lobo; Brehm, Joana Magos; Rebelo, Rui; Martins-Loucao, Maria Amelia",What can routine germination tests in seed banks tell us about the germination ecology of endemic and protected species?,BOTANY,95,7,673,2017,,,A,,,,,,,HHN,clemente17,
J,"COLE, JC",INCREASED GERMINATION THROUGH PREGERMINATION TREATMENTS OF CHINESE PISTACHIO SEEDS,JOURNAL OF PRODUCTION AGRICULTURE,7,1,116,1994,Pistacia,chinensis,A,,,,,,,HHN,cole94,
J,"Connolly, Brian M.; Agnew, Lauren K.; Orrock, John L.",Interactive Effects of Contact Fungicide and Cold Stratification on the Germination Rate for Five Dominant Temperate Tree Species,FOREST SCIENCE,63,3,303,2017,Multiple,,A,,,,,,,HHN,connolly17,
J,"Conversa, Giulia; Elia, Antonio","Effect of seed age, stratification, and soaking on germination of wild asparagus (Asparagus acutifolius L.)",SCIENTIA HORTICULTURAE,119,3,241,2009,Asparagus,acutifolius,A,,,,,,,GG,conversa09,
J,"Crank, E.",Seed germination studies on the endangered species Thymophylla tephroleuca.,Wildflower,5,2,23,1992,Thymophylla,tephroleuca,A,,,,,,,GG,crank92,
J,"Deb, C. R.; Sangtam, T. L.; Jamir, N. S.",Seed biology of Berberis manipurana Ahrendt: a threatened natural dye yielding plant.,American Journal of Plant Sciences,8,6,1285,2017,Berberis,manipurana,A,,,,,,,HHN,deb17,
J,"Deol, I. S.; Chopra, H. R.; Grewal, S. S.",Studies on seed germination and seedling growth of Sharbati peach (Prunus persica Batsch).,Punjab Horticultural Journal,33,04-Jan,58,1993,Prunus,persica,A,,,,,,,HHN,deol93,
J,"Derakhshan, A.; Gherekhloo, J.",FACTORS AFFECTING Cyperus difformis SEED GERMINATION AND SEEDLING EMERGENCE,PLANTA DANINHA,31,4,823,2013,Cyperus,difformis,A,,,,,,,HHN,derakhshan13,
J,EDWARDS D G W; OLSEN P E,A PHOTOPERIOD RESPONSE IN GERMINATION OF WESTERN HEMLOCK SEEDS,Canadian Journal of Forest Research,3,1,146,1973,Tsuga,heterophylla,A,,,,,,had to search in UBC library,TA,edwards73,
J,"Edwards, DGW; ElKassaby, YA",The effect of stratification and artificial light on the germination of mountain hemlock seeds,SEED SCIENCE AND TECHNOLOGY,24,2,225,1996,Tsuga,mertensiana,A,,,,,,,TA,edwards96,
J,"El-Dengawy, EFA","Promotion of seed germination and subsequent seedling growth of loquat (Eriobotrya japonica, Lindl) by moist-chilling and GA(3) applications",SCIENTIA HORTICULTURAE,105,3,331,2005,Eriobotrya,japonica,A,,,,,,,TA,el-dengawy05,
J,"Elisafenko, T. V.","Features of seed germination in different ecological groups of the species of the section Violidum, subgenus Nomimium, genus Viola L. (Violaceae)",CONTEMPORARY PROBLEMS OF ECOLOGY,8,4,523,2015,Viola,spp.,A,,,,,,,TA,elisafenko15,
J,"Erken, Kamil",Investigation of Vegetative Properties and Generative Production of the Potential Ornamental and Narrow Endemic Species Verbascum yurtkuranianum (Scrophulariaceae) for Ex situ Conservation,BIORESOURCES,16,4,7529,2021,Verbascum,yurtkuranianum,A,,,,,,,DM,erken21,
J,"Etemadi, N.; Haghighi, M.; Nikbakht, A.; Zamani, Z.","Methods to promote germination of Kelussia odoratissima Mozaff., an Iranian endemic medicinal plant.",Herba Polonica,56,2,21,2010,Kelussia,odoratissima,A,,,,,,,GG,etemadi10,
J,ETOH T; NOMA Y; NISHITARUMIZU Y; WAKAMOTO T,SEED PRODUCTIVITY AND GERMINABILITY OF VARIOUS GARLIC CLONES COLLECTED IN SOVIET CENTRAL ASIA,Memoirs of the Faculty of Agriculture Kagoshima University,24,33,129,1988,,,A,,,,,,,GG,etoh88,
C,"Fadaei, Hadi; Sakai, Tetsuro; Yoshimura, Tetsuhiko; Kazuyuki, Moriya",Effect of temperature and Gebrlic acid on dormancy and germination in specie wild edible Pistachio (Pistacia. vera) (Case Study in Khajeh Kalat forest),IACSIT-SC 2009: INTERNATIONAL ASSOCIATION OF COMPUTER SCIENCE AND INFORMATION TECHNOLOGY - SPRING CONFERENCE,NA,,604,2009,Pistacia,vera,A,,,,,,,GG,fadaei09,
J,"Falusi, M.",Geographic variation and seed germination in Pinus brutia.,"Annali, Accademia Italiana di Scienze Forestali",31,,157,1982,multiple,,A,,,,,,,GG,falusi82,
J,Fang Hai-ling; Li Wei-lin; Liang Cheng-yuan,Effect of different pro-treatment conditions on seed germination of Mentha haplocalyx Briq,Journal of Plant Resources and Environment,18,4,53,2009,Mentha,haplocalyx,A,,,,,,,GG,fang09,
J,"Farhadi, Mostafa; Tigabu, Mulualem; Arian, Alireza Ghasemi; Sharifani, Mehdi; Daneshvar, Abolfazl; Oden, Per Christer",Pre-sowing treatment for breaking dormancy in Acer velutinum Boiss. seed lots,JOURNAL OF FORESTRY RESEARCH,24,2,273,2013,Acer,velutinum,A,,,,Y,,,GG,farhadi13,
J,"Farooq, M.; Basra, S. M. A.; Cheema, M. A.; Afzal, I.","Integration of pre-sowing soaking, chilling and heating treatments for vigour enhancement in rice (Oryza sativa L.)",SEED SCIENCE AND TECHNOLOGY,34,2,499,2006,Oryza,sativa,A,,,,,,,HHN,farooq06,
J,"Farooq, M; Basra, SMA; Ahmad, N; Hafeez, K",Thermal hardening: A new seed vigor enhancement tool in rice,JOURNAL OF INTEGRATIVE PLANT BIOLOGY,47,2,187,2005,Oryza,sativa,A,,,,,,,HHN,farooq05,
J,"Fateh, E.; Majnoonhosseini, N.; Arefi, H. M.; Sharif-Zadeh, F.",Seed dormancy methods breakage in Astragalus tribuloides.,Iranian Journal of Rangelands and Forests Plant Breeding and Genetic Research,13,4,345,2006,Astragalus,tribuloides,A,,,,,,,HHN,fateh06,
J,"Fatemeh, Ahmadloo; Masoud, Tabari; Pejman, Azadi; Aidin, Hamidi",Effect of plant growth promoting rhizobacteria (PGPRs) and stratification on germination traits of Crataegus pseudoheterophylla Pojark. seeds,SCIENTIA HORTICULTURAE,172,,61,2014,Crataegus,pseudoheterophylla,A,,,,,,,HHN,fatemeh14,
J,"Fedewa, Chad A.; Stewart, J. Ryan",Seed Germination Characteristics of Prairie Dropseed (Sporobolus heterolepis),NATURAL AREAS JOURNAL,29,2,188,2009,Sporobolus,heterolepis,A,,,,,,,HHN,fedewa09,
J,"Feng, Jing; Shen, Yongbao; Shi, Fenghou; Li, Chengzhong","Embryo Development, Seed Germination, and the Kind of Dormancy of Ginkgo biloba L.",FORESTS,9,11,,2018,Ginkgo,biloba,A,,,,,,,HHN,feng18,
J,"Fernandez-Pascual, Eduardo; Jimenez-Alfaro, Borja; Emilio Diaz, Tomas",The temperature dimension of the seed germination niche in fen wetlands,PLANT ECOLOGY,214,4,489,2013,Multiple,,A,,,,,,,HHN,fernandez-pascual13,
J,"Ferreira, WR; Ranal, MA",Seed germination and seedlng growth of Brassica chinensis L. var. parachinensis (Bailey) Sinskaja (flowering white cabbage),PESQUISA AGROPECUARIA BRASILEIRA,34,3,353,1999,Brassica,chinensis,A,,,,,,,HHN,ferreira99,
J,"Fetouh, M. I.; Hassan, F. A.",Seed germination criteria and seedling characteristics of Magnolia grandiflora L. trees after cold stratification treatments.,International Journal of Current Microbiology and Applied Sciences,3,3,235,2014,Magnolia,grandiflora,A,,,,,,,HHN,fetouh14,
J,"Figueroa, JA",Seed germination in temperate rain forest species of southern Chile: chilling and gap-dependency germination,PLANT ECOLOGY,166,2,227,2003,Multiple,,A,,,,,,,HHN,figueroa03,
J,"Flores, P. C.; Poggi, D.; Garcia, S. M.; Gariglio, N. F.",Topographic tetrazolium testing of Black Walnut (Juglans nigra L.) seeds,SEED SCIENCE AND TECHNOLOGY,39,1,230,2011,Juglans,nigra,A,,,,,,,HHN,flores11,
J,"Forbes, Kathleen; Beardmore, Tannis",SEED STORAGE POTENTIAL FOR DWARF BIRCH (BETULA GLANDULOSA MICHX.),PROPAGATION OF ORNAMENTAL PLANTS,9,3,143,2009,Betula,glandulosa,A,,,,,,,HHN,forbes09,
J,"Forbis, Tara A.",Germination phenology of some Great Basin native annual forb species,PLANT SPECIES BIOLOGY,25,3,221,2010,Multiple,,A,,,,,,,HHN,forbis10,
J,"Frattaroli, Anna Rita; Di Martino, Luciano; Di Cecco, Valter; Catoni, Rosangela; Varone, Laura; Di Santo, Marco; Gratani, Loretta",Seed germination capability of four endemic species in the Central Apennines (Italy): relationships with seed size,Lazaroa,34,,43,2013,multiple,,A,,,,,,,TA,frattaroli13,
J,"FULBRIGHT, TE; FLENNIKEN, KS; WAGGERMAN, GL",ENHANCING GERMINATION OF SPINY HACKBERRY SEEDS,JOURNAL OF RANGE MANAGEMENT,39,6,552,1986,Celtik,palIida,A,,,,,,,TA,fulbright86,
J,"Gajanayake, Bandara; Trader, Brian W.; Reddy, K. Raja; Harkess, Richard L.",Thermotolerance Classification of Ornamental Pepper Cultivars Using Seed Germination Traits,Seed Technology,33,2,134,2011,multiple,,A,,,,,,,TA,gajanayake11,
J,"Garruna-Hernandez, Rene; Latournerie-Moreno, Luis; Ayala-Garay, Oscar; Santamaria, Jorge M.; Pinzon-Lopez, Luis",PRE-SOWING TREATMENTS: AN OPTION TO INCREASE GERMINATION OF HABANERO PEPPER SEEDS (Capsicum chinense Jacq.),AGROCIENCIA,48,4,413,2014,Capsicum,chinese,A,,,,,,accepted because of control,TA,garruna-hernandez14,
J,"George, B. B.; Hamadina, E. I.",Scarification and low temperature stratification effects on germination of mature seeds of cassava (Manihot esculenta) hybrids.,International Journal of Modern Botany,10,1,15,2020,Manihot,esculenta,A,,,,,,,TA,george20,
J,"Gere, J.; Karidzangundi, R.; Ntuli, V.; Nyamugure, T.; Mudyiwa, S. M.; Kundhlande, A.",Filing considerably breaks seed dormancy of Berchemia discolor Hemsley.,African Journal of Plant Science,9,6,274,2015,Berchemia,discolor Hemsley,A,,,,,,,TA,gere15,Too few information
J,"Geszprych, A.; Weglarz, Z.",Reproduction ability of Rhaponticum carthamoides (Willd.) Iljn cultivated in Poland.,Herba Polonica,48,2,61,2002,Rhaponticum,carthamoides,A,,,,,,,TA,geszprych02,
J,"Ghanbari, M.; Modarres-Sanavy, S. A. M.; Mokhtassi-Bidgoli, A.",Germination characteristics and seed activity of enzymes of different landraces of Indian cheese maker (Withania coagulans) in response to sodium hypochlorite and pre-chilling.,Iranian Journal of Seed Research,5,1,Fa119,2018,Withania,coagulans,A,,not english,,,,,TA,ghanbari18,diff language
J,"Ghimeray, Amal Kumar; Sharma, Pankaja; Shim, Ie-Sung; Park, Cheolho; Ïù¥ÌòÑÏö∞; Ïù¥Î≥¥Îçï",Effect of Storage Conditions and Scarification on in vitro Seed Germination in Lorathus tanakae Hosok,Korean Journal of Plant Reources.,27,3,263,2014,Loranthus,tanakae,A,,,,,,,TA,ghimeray14,
J,"Gianni, Sergio; Aiello, Nicola; Lombardo, Gabriella Salvina; Fusani, Pietro",Seed germination requirements of Buck's beard [Aruncus dioicus (Walter) Fernald (Rosaceae)],PLANT BIOSYSTEMS,153,1,5,2019,Aruncus,dioicus Fernald,A,,,,,,,TA,gianni19,
J,"Gimenez-Benavides, L.; Milla, R.",Comparative germination ecology of two altitudinal vicariant Saxifraga species endemic to the north of Spain,PLANT BIOLOGY,15,3,593,2013,Saxifraga,spp.,A,,,,,,,TA,gimenez-benavides13,
C,"Gisbert, C.; Prohens, J.; Nuez, F.",Treatments for Improving Seed Germination in Eggplant and Related Species,"V INTERNATIONAL SYMPOSIUM ON SEED, TRANSPLANT AND STAND ESTABLISHMENT OF HORTICULTURAL CROPS",898,,45,2011,Solanum,melongena,A,,,,,,,GG,gisbert11,
J,"Goggans, J. F.; Jones, L.; Lynch, K. D.",Germination rate of Arizona Cypress improved by better cone collection techniques and seed pregermination treatments.,Tree Planters' Notes,25,1,3,1974,Cupressus,arizonica,A,,,,,,,GG,goggans74,
J,"Gokturk, A.; Olmez, Z.; Temel, F.; Yahyaoglu, Z.",Effects of some pre-treatments on germination of Russian olive (Elaeagnus angustifolia L.) seeds.,Suleyman Demirel Universitesi Orman Fakultesi Dergisi Seri A,NA,2,32,2007,Elaeagnus,angustifolia,R,crop,,,,,,GG,gokturk07,crop
C,"Gonzalez-Puelles, J. E.; Landin, M.; Gallego, P. P.; Barreal, M. E.",Deciphering kiwifruit seed germination using neural network tools,IX INTERNATIONAL SYMPOSIUM ON KIWIFRUIT,1218,,359,2018,Actinidia,,A,,,,,,,GG,gonzalez-puelles18,
J,"Gougouli, Maria; Koutsoumanis, Konstantinos P.",Modeling germination of fungal spores at constant and fluctuating temperature conditions,INTERNATIONAL JOURNAL OF FOOD MICROBIOLOGY,152,3,153,2012,,,A,,,,,,,GG,gougouli12,
J,"Greenwood, ME; DuBowy, PJ","Germination characteristics of Zannichellia palustris from New South Wales, Australia",AQUATIC BOTANY,82,1,1,2005,Zannichellia,palustris,R,monocot,,,,,,GG,greenwood05,monocot
J,"Gremer, Jennifer R.; Chiono, Alec; Suglia, Elena; Bontrager, Megan; Okafor, Lauren; Schmitt, Johanna",Variation in the seasonal germination niche across an elevational gradient: the role of germination cueing in current and future climates,AMERICAN JOURNAL OF BOTANY,107,2,350,2020,Streptanthus,tortuosus,A,,,,,,,GG,gremer20,
R,"Gremer, Jennifer R; Wilcox, Chenoa J; Chiono, Alec; Suglia, Elena; Schmitt, Johanna",Data from: Germination timing and chilling exposure create contingency in life history and influence fitness in the native wildflower Streptanthus tortuosus,Dryad,NA,,,2019,,,R,duplicate,,,,,duplicate,GG,gremer19,
C,"Gribaudo, I.; Gambino, G.; Vallania, R.",Optimization of somatic embryogenesis in grapevine,PROCEEDINGS OF THE INTERNATIONAL WORKSHOP ON ADVANCES IN GRAPEVINE AND WINE RESEARCH,NA,754,97,2007,Vitis,,A,,,,,,,GG,gribaudo07,
B,"GRIBKOV, V. V.","Preparation of Siberian larch seed planting Referat. Zhur., Biol., 1959, No. 79234. (Translation)",Preparation of Siberian larch seed planting [3],NA,,6,1958,,,A,,,,,,,GG,gribkov58,
J,"Guan, K. L.; Fan, X.; Zhen, G.",Causes of seed dormancy of Cornus officinalis and conditions for germination.,Plant Physiology Communications,NA,5,24,1989,Cornus,officinalis,A,,,,,,,GG,guan89,
J,"Guenaoui, Chedia; Taoufik, Saleh Ksiksi; Smiti, Samira; Neffati, Mohamed",RESPONSE OF SEED GERMINATION OF TUNISIAN ALLIUM AMPELOPRASUM TO TEMPERATURE AND SALT STRESSES,REVUE D ECOLOGIE-LA TERRE ET LA VIE,67,4,399,2012,,,A,,,,,,,GG,guenaoui12,
J,"Guerriero, R.; Scalabrelli, G.",Effect of stratification duration on seed germination of several peach line rootstocks.,Acta Horticulturae,NA,173,185,1985,Prunus,persica,A,,,,,,,DM,guerriero85,
R,"Hamala, Tuomas; Mattila, Tiina M; Leinonen, Paivi H; Kuittinen, Helmi; Savolainen, Outi",Measurements of seed germination in Arabidopsis lyrata,Dryad,NA,,,2017,Arabidopsis,lyrata,A,,,yes,,,,DM,hamala17,all expirements under onne temperature
J,"Han, C. Y.; Long, C. L.","Dormancy, germination and storage of Magnolia ingrata seeds",SEED SCIENCE AND TECHNOLOGY,38,1,252,2010,Magnolia,ingrata,A,,,ILL needed,,,,DM,han10,
J,Han Min; Li Ming-ming; Chen Chen; Zhang Zhi-huan; Xu Kun,Relationship between seed germination indices and seedling's chilling tolerance of tomato rootstocks,Shengtaixue Zazhi,37,3,884,2018,Solanum,lycopersicum,A,,,,,,,DM,han18,
J,Han Xiu-li; Jia Gui-xia,Studies on Optimal Germination Conditions of Different Cultivars and Heat-resistance Techniques for Seeds of Lilium x formolongi,Forest Research,21,5,729,2008,Lilium x,formolongi,A,,,,,,,DM,han08,
J,"Harrington, Timothy B.",Seed Germination and Seedling Emergence of Scotch Broom (Cytisus scoparius),WEED SCIENCE,57,6,620,2009,Cytisus,scoparius,A,,,,,,,DM,harrington09,
J,"HASKELL, G",PRESOAKING AND COLD HARDINESS IN MAIZE,PLANT AND SOIL,1,4,342,1949,Zea,mays,A,,,,,,,DM,haskell49,
J,"Hawkins, BJ; Guest, HJ; Kolotelo, D",Freezing tolerance of conifer seeds and germinants,TREE PHYSIOLOGY,23,18,1237,2003,Multiple,spp.,A,,,,,,,DM,hawkins03,
J,"Hawkins, Tracy S.",Regulating acorn germination and seedling emergence in Quercus pagoda (Raf.) as it relates to natural and artificial regeneration,NEW FORESTS,50,3,425,2019,Quercus,pagoda,A,,,,,,,DM,hawkins19,
J,"He, Lanlan; Jaganathan, Ganesh K.; Liu, Baolin",Morphophysiological dormancy and germination ecology in diaspores of the subtropical palm Phoenix canariensis,BOTANY,100,4,367,2022,Phoenix,canariensis,A,,,,,,,DM,he22,
J,"He, T.; Jia, J. F.",Breaking dormancy in seeds of Anisodus tanguticus: an endangered medicinal herb of high altitude in the Qinghai-Tibet Plateau,SEED SCIENCE AND TECHNOLOGY,37,1,229,2009,Anisodus,tanguticus,A,,,,,,,DM,he09,
J,"Hernandez-Verdugo, Sergio; Lopez-Espana, Ricardo G.; Porras, Flor; Parra-Terraza, Saul; Villarreal-Romero, Manuel; Osuna-Enciso, Tomas",VARIATION IN GERMINATION AMONG POPULATIONS AND PLANTS OF WILD CHILI PEPPER,AGROCIENCIA,44,6,667,2010,Capsicum annuum,var. glabriusculum,A,,,,,,,DM,hernandez-verdugo10,
J,"Herron, H; Clemens, J",Seed dormancy and germination in Melicytus ramiflorus (Violaceae),NEW ZEALAND JOURNAL OF BOTANY,39,2,245,2001,Melicytus,ramiflorus,A,,,,,,,DM,herron01,
J,"Hodges, Joshua A.; Price, Jodi N.; Nimmo, Dale G.; Guja, Lydia K.",Evidence for direct effects of fire-cues on germination of some perennial forbs common in grassy ecosystems,AUSTRAL ECOLOGY,44,7,1271,2019,Multiple,spp.,A,,,,,,,DM,hodges19,
C,"Honsova, H.; Chladkova, P.; Grbavcic, M.; Stolcova, M.",POSSIBILITIES OF GERMINATION INCREASING OF ECHINACEA GENUS SEED BY STRATIFICATION,"PROCEEDINGS OF XVITH INTERNATIONAL CONFERENCE ON CURRENT ISSUES OF CULTIVATION, MANUFACTURING AND USAGE OF MEDICINAL, AROMATIC AND SPICY PLANTS",NA,,147,2010,Echinacea,spp.,A,,,,,,,DM,honsova10,
J,"Houskova, Katerina; Kleparnik, Jan; Mauer, Oldrich",How to accelerate the germination of Scots pine and Norway spruce seeds?,JOURNAL OF FOREST SCIENCE,67,3,134,2021,Multiple,spp.,A,,,,,,,DM,houskova21,
J,"Hsieh, Tung-Yu; Nee, Cheng-Chu; Chien, Ching-Te",Seed germination of Taiwanese Actinidia latifolia (Gardn. & Champ.) Merr.,Taiwan Journal of Forest Science,19,2,173,2004,Actinidia,latifolia,A,,,,,,,DM,hsieh04,
J,"Hsu, F. H.",Germination of forage and native grass species in Taiwan.,Taiwan Livestock Research,19,2,87,1986,Multiple,spp.,A,,,,,,,DM,hsu86,
J,"Hsu, F.-H.",Effects of temperature on seed germination and field emergence of warm-season forage grasses.,Tropical plants,NA,,63,1984,Multple,spp.,A,,,,,,,DM,hsu84,
J,"HSU, FH; NELSON, CJ; MATCHES, AG",TEMPERATURE EFFECTS ON GERMINATION OF PERENNIAL WARM-SEASON FORAGE GRASSES,CROP SCIENCE,25,2,215,1985,Multiple,spp.,A,,,Yes,,,,DM,hsu85,
J,"Hu, Guanghui; Li, Zhao; Lu, Yuncai; Li, Chunxia; Gong, Shichen; Yan, Shuqin; Li, Guoliang; Wang, Mingquan; Ren, Honglei; Guan, Haitao; Zhang, Zhengwei; Qin, Dongling; Chai, Mengzhu; Yu, Juping; Li, Yu; Yang, Deguang; Wang, Tianyu; Zhang, Zhiwu",Genome-wide association study Identified multiple Genetic Loci on Chilling Resistance During Germination in Maize,SCIENTIFIC REPORTS,7,,,2017,Zea,mays,A,,,,,,,DM,hu17,
J,"Hu, Ke; Li, Guang-Lai; Li, Juan; Wang, De-Qun",[Influence of storage conditions on the seed development of Corydalis yanhusuo].,Zhong yao cai = Zhongyaocai = Journal of Chinese medicinal materials,35,7,1022,2012,Corydalis,yanhusuo,A,,,,,,,DM,hu12,
J,"Huang, Wei; Chen, Kaining; Shi, Xian; Ren, Kuixiao; Li, Wenchao",The contribution of seeds to the recruitment of a Nymphoides peltata population,LIMNOLOGICA,44,,1,2014,Nymphoides,peltata,A,,,,,,,DM,huang14,
J,"Hudson, Jessica J.; Degenhardt, Dani",Stratification of beaked hazelnut (Corylus cornuta) seed improves germination,SEED SCIENCE AND TECHNOLOGY,48,3,401,2020,Corylus,cornuta,A,,,,,,,DM,hudson20,
J,"Hugo, E.; Saayman-Du Toit, A. E. J.; Reinhardt, C. F.",Germination characteristics of the grass weed Digitaria nuda (Schumach.),SOUTH AFRICAN JOURNAL OF BOTANY,90,,52,2014,Digitaria,nuda,A,,,,,,,DM,hugo14,
J,"Hwang, I. T.; Choi, J. S.; Kuack, H. H.; Kim, J. S.; Lee, H. J.; Cho, K. Y.","Seed germination, seedling growth, and herbicidal responses of Bidens tripartita L.",Korean Journal of Weed Science,16,2,114,1996,Bidens,tripartita L.,A,,,,,,,DM,hwang96,
J,"Ikeda, H; Itoh, K",Germination and water dispersal of seeds from a threatened plant species Penthorum chinense,ECOLOGICAL RESEARCH,16,1,99,2001,Penthorum,chinense,A,,,,,,,DM,ikeda01,
J,"Irvani, N.; Solouki, M.; Omidi, M.; Saidi, A.; Zare, A. R.","Seed germination and dormancy breaking in Dorema ammoniacum D., an endangered medicinal plant.",Trakia Journal of Sciences,10,1,9,2012,Dorema,ammoniacum D.,A,,,,,,,DM,irvani12,
J,"Jang, Gyeong Ho; Chung, Jae Min; Rhie, Yong Ha; Lee, Seung Youn",Seed Dormancy Class and Ecophysiological Features of Veronicastrum sibiricum (L.) Pennell (Scrophulariaceae) Native to the Korea Peninsula,PLANTS-BASEL,11,2,,2022,Veronicastrum,sibiricum,A,,,,,,,DM,jang22,
J,"Javanmard, T.; Zamani, Z.; Afshar, R. Keshavarz; Hashemi, M.; Struik, P. C.","Seed washing, exogenous application of gibberellic acid, and cold stratification enhance the germination of sweet cherry (Prunus avium L.) seed",JOURNAL OF HORTICULTURAL SCIENCE & BIOTECHNOLOGY,89,1,74,2014,Prunus,avium,A,,,,,,,TA,javanmard14,
C,"Jensen, M",Moisture content controls the effectiveness of dormancy breakage in Abies nordmanniana (Steven) spach seeds,BASIC AND APPLIED ASPECTS OF SEED BIOLOGY,30,,181,1997,Abies,nordmanniana,A,,,,,,,TA,jensen97,
J,"Jensen, Martin; Kristiansen, Kell",REMOVAL OF DISTAL PART OF COTYLEDONS OR SOAKING IN BAP OVERCOMES EMBRYONIC DORMANCY IN SOUR CHERRY,PROPAGATION OF ORNAMENTAL PLANTS,9,3,135,2009,Prunus,cerasus,A,,,,,,,TA,jensen09,
J,"Jeon, Seung-Ho; Kim, Seokhyeon; ChungJongIl; SangInShim; Î•òÏòÅÏÑ≠; ÍπÄÎØºÏ≤†; ÏÜêÎã§ÎãàÏóò",Effect of Presowing Seed Treatments on Germination and Seedling Emergence in Taraxacum platycarpum,KOREAN JOURNAL OF MEDICINAL CROP SCIENCE,18,1,9,2010,Taraxacum,platycarpum,A,,,,,,,TA,jeon10,
J,"Ji, Wei; Li, Zhiqian; Yao, Wenkong; Jong, Peijie; Wang, Yuejin",Abnormal Seedlings Emerged during Embryo Rescue and Its Remedy for Seedless Grape Breeding,KOREAN JOURNAL OF HORTICULTURAL SCIENCE & TECHNOLOGY,31,4,483,2013,seedless grape,,A,,,,,,,TA,ji13,
J,"Jiang, HY; Howell, GS",Applying chlorophyll fluorescence technique to cold hardiness studies of grapevines,AMERICAN JOURNAL OF ENOLOGY AND VITICULTURE,53,3,210,2002,Vitis,labruscana,A,,,,,,,TA,jiang02,
J,Jin Yaqin; Li Donglin; Huang Xuefang,Dynamic Variation Characteristic of Endogenous Hormone Content in Cornus macrophylla Seeds during Cold Stratification,ACTA BOTANICA BOREALI-OCCIDENTALIA SINICA,34,11,2255,2014,Cornus,macrophylla,A,,,,,,,TA,jin14,
J,"Jiro, Otsubo; Shigeru, Mariko; Ichiroku, Hayashi","Factors affecting the vertical distribution of Betula platyphylla var. japonica and Betula ermanii on Mt. Neko in Nagano Prefecture, Japan",Journal of Ecology and Field Biology,33,2,121,2010,Betula,spp.,A,,,,,,,TA,jiro10,
J,"Jo, J. S.; Won, J. Y.; Kang, H. K.",Studies on the germination of Korean ginseng (Panax ginseng C. A. Meyer) seed. I. Influences of non-stratification of seed on embryo growth and germination.,Korean Journal of Crop Science,33,1,54,1988,Panax,ginseng,A,,,,,,,TA,jo88,
J,"Jolliff, G. D.; Seddigh, M.; Franz, R. E.",Seed germination and dormancy of new meadowfoam (Limnanthes spp.) genotypes.,Industrial Crops and Products,2,3,179,1994,Limnanthes,spp.,A,,,,,,,TA,jolliff94,
J,"Jones, S. K.; Gosling, P. G.",Target moisture content prechill overcomes the dormancy of temperate conifer seeds,New Forests,8,4,309,1994,multiple,,A,,,,,,,TA,jones94,
J,"Joshi, M; Dhar, U",Effect of various presowing treatments on seed germination of Heracleum candicans Wall. ex DC.: a high value medicinal plant,SEED SCIENCE AND TECHNOLOGY,31,3,737,2003,Heracleum,candicans,A,,,,,,,TA,joshi03,
J,"Jusung, ChoÔºå; HEE, LEE CHEOL; Í∂åÌòÅÏ§Ä",Seed Germination and Dormancy Breaking of Thalictrum rochebrunianum var. grandisepalum (H. Lev.) Nakai,Korean Journal of Plant Reources.,29,3,339,2016,Thalictrum,rochebrunianum,A,,,,,,,TA,jusung16,
J,"Kalimuthu, K.; Lakshmanan, K. K.",Effect of different treatments on pod germination of Pterocarpus species.,Indian Journal of Forestry,18,2,104,1995,Pterocarpus,spp.,A,,,,,,,TA,kalimuthu95,
J,"Kamal, Md Mostafa; Erazo, Carlos; Tanino, Karen K.; Kawamura, Yukio; Kasuga, Jun; Laarveld, Bernard; Olkowski, Andrew; Uemura, Matsuo","A single seed treatment mediated through reactive oxygen species increases germination, growth performance, and abiotic stress tolerance inArabidopsisand rice",BIOSCIENCE BIOTECHNOLOGY AND BIOCHEMISTRY,84,12,2597,2020,multiple,,A,,,,,,accepted for control group,TA,kamal20,
J,"Kamareh, T. F.; Shirvany, A.; Matinizadeh, M.; Etemad, V.; Khoshnevis, M.; Alizadeh, T.","Effects of different treatments on the germination of wild pear (Pyrus glabra) seeds and their peroxidase, amylase, and catalase reactions.",Journal of Medicinal Plants Research,6,45,5669,2012,Pyrus,glabra,A,,,,,,,TA,kamareh12,
J,"Kan, Jing; Song, Songquan","Effects of dehydration, chilling, light, phytohormones and nitric oxide on germination of Pistia stratiotes seeds",SEED SCIENCE AND TECHNOLOGY,36,1,38,2008,Pistia,stratiotes,A,,,,,,,TA,kan08,
J,Kang JinHo; Jeon ByongSam; Yoon SooYoung; Lee SangWoo; Chung JongIl,Pre-sowing treatments to improve germination of intact seeds in burcucumber (Sicyos angulatus L.).,Korean Journal of Crop Science,48,3,169,2003,Sicyos,angulatus,A,,,,,,,TA,kang03,
J,"Kanjana, W.; Suzuki, T.; Ishii, K.; Kozaki, T.; Iigo, M.; Yamane, K.",Transcriptome analysis of seed dormancy after rinsing and chilling in ornamental peaches (Prunus persica (L.) Batsch).,BMC Genomics,17,575,(8 August 2016),2016,Prunus,persica,A,,,,,,,TA,kanjana16,
J,KAPUR A; KAUR J; SHARMA H L; SINGH H,PRECONDITIONING OF PEANUT ARACHIS-HYPOGAEA SEEDS TO RELEASE DORMANCY,Annals of Biology (Hissar),6,2,141,1990,Arachis,hypogaea,A,,,,,,accepted for control,TA,kapur90,